constructorResultsId,raceId,constructorId,points,status
16881,1120,6,18.0,\N
16880,1120,9,38.0,\N
15820,1007,9,25.0,\N
16883,1120,1,18.0,\N
16882,1120,131,17.0,\N
15821,1007,6,33.0,\N
15015,926,131,43.0,\N
15016,926,6,15.0,\N
15017,926,3,12.0,\N
15018,926,15,14.0,\N
15019,926,9,8.0,\N
15020,926,10,7.0,\N
15021,926,5,2.0,\N
15022,926,1,0.0,\N
15023,926,208,0.0,\N
15024,927,6,37.0,\N
15025,927,131,33.0,\N
15026,927,3,18.0,\N
15027,927,5,10.0,\N
15028,927,9,3.0,\N
15029,927,208,0.0,\N
15030,927,15,0.0,\N
15031,927,10,0.0,\N
15032,927,209,0.0,\N
15033,927,1,0.0,\N
15034,928,131,43.0,\N
15035,928,6,27.0,\N
15036,928,3,18.0,\N
15037,928,208,6.0,\N
15038,928,15,5.0,\N
15039,928,9,2.0,\N
15040,928,10,0.0,\N
15041,928,1,0.0,\N
15042,928,5,0.0,\N
15043,928,209,0.0,\N
15044,929,131,40.0,\N
15045,929,6,28.0,\N
15046,929,3,13.0,\N
15047,929,9,10.0,\N
15048,929,208,6.0,\N
15049,929,10,4.0,\N
15050,929,1,0.0,\N
15051,929,15,0.0,\N
15052,929,209,0.0,\N
15053,929,5,0.0,\N
15054,930,131,43.0,\N
15055,930,6,25.0,\N
15056,930,3,20.0,\N
15057,930,9,7.0,\N
15058,930,208,4.0,\N
15059,930,5,2.0,\N
15060,930,15,0.0,\N
15061,930,10,0.0,\N
15062,930,1,0.0,\N
15063,930,209,0.0,\N
15064,931,131,40.0,\N
15065,931,6,26.0,\N
15066,931,9,22.0,\N
15067,931,10,6.0,\N
15068,931,1,4.0,\N
15069,931,15,2.0,\N
15070,931,5,1.0,\N
15071,931,208,0.0,\N
15072,931,3,0.0,\N
15073,931,209,0.0,\N
15074,932,131,43.0,\N
15075,932,3,23.0,\N
15076,932,6,22.0,\N
15077,932,208,7.0,\N
15078,932,10,4.0,\N
15079,932,9,2.0,\N
15080,932,5,0.0,\N
15081,932,15,0.0,\N
15082,932,209,0.0,\N
15083,932,1,0.0,\N
15084,933,131,43.0,\N
15085,933,3,25.0,\N
15086,933,6,12.0,\N
15087,933,10,10.0,\N
15088,933,208,6.0,\N
15089,933,5,4.0,\N
15090,933,9,1.0,\N
15091,933,15,0.0,\N
15092,933,209,0.0,\N
15093,933,1,0.0,\N
15094,934,131,43.0,\N
15095,934,6,19.0,\N
15096,934,3,22.0,\N
15097,934,9,8.0,\N
15098,934,10,8.0,\N
15099,934,1,1.0,\N
15100,934,15,0.0,\N
15101,934,209,0.0,\N
15102,934,5,0.0,\N
15103,934,208,0.0,\N
15104,936,6,25.0,\N
15105,936,9,33.0,\N
15106,936,5,12.0,\N
15107,936,1,12.0,\N
15108,936,131,12.0,\N
15109,936,208,6.0,\N
15110,936,15,1.0,\N
15111,936,3,0.0,\N
15112,936,209,0.0,\N
15113,936,10,0.0,\N
15114,937,131,43.0,\N
15115,937,208,15.0,\N
15116,937,9,12.0,\N
15117,937,10,10.0,\N
15118,937,3,10.0,\N
15119,937,6,6.0,\N
15120,937,5,4.0,\N
15121,937,15,1.0,\N
15122,937,1,0.0,\N
15123,937,206,0.0,\N
15124,937,209,0.0,\N
15125,938,131,25.0,\N
15126,938,6,28.0,\N
15127,938,3,27.0,\N
15128,938,10,14.0,\N
15129,938,9,5.0,\N
15130,938,15,2.0,\N
15131,938,5,0.0,\N
15132,938,1,0.0,\N
15133,938,209,0.0,\N
15134,938,208,0.0,\N
15135,939,6,40.0,\N
15136,939,9,26.0,\N
15137,939,131,12.0,\N
15138,939,3,10.0,\N
15139,939,10,6.0,\N
15140,939,5,6.0,\N
15141,939,15,1.0,\N
15142,939,208,0.0,\N
15143,939,209,0.0,\N
15144,939,1,0.0,\N
15145,940,131,43.0,\N
15146,940,6,27.0,\N
15147,940,3,10.0,\N
15148,940,10,8.0,\N
15149,940,208,10.0,\N
15150,940,5,3.0,\N
15151,940,1,0.0,\N
15152,940,9,0.0,\N
15153,940,15,0.0,\N
15154,940,209,0.0,\N
15155,941,131,25.0,\N
15156,941,6,22.0,\N
15157,941,10,15.0,\N
15158,941,3,12.0,\N
15159,941,9,10.0,\N
15160,941,15,8.0,\N
15161,941,208,6.0,\N
15162,941,1,2.0,\N
15163,941,5,1.0,\N
15164,941,209,0.0,\N
15165,941,206,0.0,\N
15166,942,131,43.0,\N
15167,942,6,15.0,\N
15168,942,5,18.0,\N
15169,942,10,10.0,\N
15170,942,1,8.0,\N
15171,942,208,4.0,\N
15172,942,15,2.0,\N
15173,942,9,1.0,\N
15174,942,209,0.0,\N
15175,942,3,0.0,\N
15176,943,131,43.0,\N
15177,943,3,23.0,\N
15178,943,9,22.0,\N
15179,943,10,10.0,\N
15180,943,5,2.0,\N
15181,943,208,1.0,\N
15182,943,15,0.0,\N
15183,943,1,0.0,\N
15184,943,206,0.0,\N
15185,943,6,0.0,\N
15186,944,131,43.0,\N
15187,944,6,27.0,\N
15188,944,3,10.0,\N
15189,944,10,8.0,\N
15190,944,9,6.0,\N
15191,944,208,5.0,\N
15192,944,5,2.0,\N
15193,944,15,0.0,\N
15194,944,1,0.0,\N
15195,944,209,0.0,\N
15196,943,209,0.0,\N
15197,945,131,43.0,\N
15198,945,6,27.0,\N
15199,945,10,16.0,\N
15200,945,9,9.0,\N
15201,945,3,4.0,\N
15202,945,208,2.0,\N
15203,945,5,0.0,\N
15204,945,1,0.0,\N
15205,945,15,0.0,\N
15206,945,206,0.0,\N
15207,945,209,0.0,\N
15208,948,131,43.0,\N
15209,948,6,15.0,\N
15210,948,9,12.0,\N
15211,948,3,14.0,\N
15212,948,210,8.0,\N
15213,948,10,6.0,\N
15214,948,5,3.0,\N
15215,948,4,0.0,\N
15216,948,1,0.0,\N
15217,948,15,0.0,\N
15218,948,209,0.0,\N
15219,949,131,40.0,\N
15220,949,6,18.0,\N
15221,949,9,18.0,\N
15222,949,210,10.0,\N
15223,949,5,8.0,\N
15224,949,3,6.0,\N
15225,949,1,1.0,\N
15226,949,4,0.0,\N
15227,949,15,0.0,\N
15228,949,209,0.0,\N
15229,949,10,0.0,\N
15230,950,131,31.0,\N
15231,950,6,28.0,\N
15232,950,9,27.0,\N
15233,950,3,9.0,\N
15234,950,5,6.0,\N
15235,950,10,0.0,\N
15236,950,1,0.0,\N
15237,950,210,0.0,\N
15238,950,15,0.0,\N
15239,950,4,0.0,\N
15240,950,209,0.0,\N
15241,951,131,43.0,\N
15242,951,6,15.0,\N
15243,951,3,22.0,\N
15244,951,1,9.0,\N
15245,951,4,6.0,\N
15246,951,210,4.0,\N
15247,951,10,2.0,\N
15248,951,9,0.0,\N
15249,951,5,0.0,\N
15250,951,15,0.0,\N
15251,951,209,0.0,\N
15252,952,9,37.0,\N
15253,952,6,33.0,\N
15254,952,3,14.0,\N
15255,952,5,9.0,\N
15256,952,10,6.0,\N
15257,952,1,2.0,\N
15258,952,210,0.0,\N
15259,952,15,0.0,\N
15260,952,4,0.0,\N
15261,952,209,0.0,\N
15262,952,131,0.0,\N
15263,953,131,31.0,\N
15264,953,9,18.0,\N
15265,953,10,23.0,\N
15266,953,6,12.0,\N
15267,953,1,12.0,\N
15268,953,5,4.0,\N
15269,953,3,1.0,\N
15270,953,210,0.0,\N
15271,953,209,0.0,\N
15272,953,15,0.0,\N
15273,953,4,0.0,\N
15274,954,131,35.0,\N
15275,954,6,26.0,\N
15276,954,3,15.0,\N
15277,954,9,18.0,\N
15278,954,10,5.0,\N
15279,954,5,2.0,\N
15280,954,1,0.0,\N
15281,954,210,0.0,\N
15282,954,15,0.0,\N
15283,954,4,0.0,\N
15284,954,209,0.0,\N
15285,955,131,35.0,\N
15286,955,6,30.0,\N
15287,955,10,17.0,\N
15288,955,3,9.0,\N
15289,955,9,10.0,\N
15290,955,1,0.0,\N
15291,955,15,0.0,\N
15292,955,210,0.0,\N
15293,955,4,0.0,\N
15294,955,209,0.0,\N
15295,955,5,0.0,\N
15296,956,131,37.0,\N
15297,956,9,28.0,\N
15298,956,6,15.0,\N
15299,956,1,8.0,\N
15300,956,210,6.0,\N
15301,956,5,4.0,\N
15302,956,3,2.0,\N
15303,956,209,1.0,\N
15304,956,4,0.0,\N
15305,956,15,0.0,\N
15306,956,10,0.0,\N
15307,957,131,40.0,\N
15308,957,9,30.0,\N
15309,957,6,12.0,\N
15310,957,10,14.0,\N
15311,957,5,5.0,\N
15312,957,3,0.0,\N
15313,957,1,0.0,\N
15314,957,15,0.0,\N
15315,957,210,0.0,\N
15316,957,4,0.0,\N
15317,957,209,0.0,\N
15318,958,131,43.0,\N
15319,958,9,25.0,\N
15320,958,6,20.0,\N
15321,958,1,6.0,\N
15322,958,5,4.0,\N
15323,958,3,2.0,\N
15324,958,10,1.0,\N
15325,958,4,0.0,\N
15326,958,210,0.0,\N
15327,958,15,0.0,\N
15328,958,209,0.0,\N
15329,959,131,37.0,\N
15330,959,9,33.0,\N
15331,959,6,18.0,\N
15332,959,10,7.0,\N
15333,959,1,4.0,\N
15334,959,3,2.0,\N
15335,959,210,0.0,\N
15336,959,5,0.0,\N
15337,959,4,0.0,\N
15338,959,209,0.0,\N
15339,959,15,0.0,\N
15340,960,131,40.0,\N
15341,960,9,18.0,\N
15342,960,10,22.0,\N
15343,960,6,10.0,\N
15344,960,1,6.0,\N
15345,960,3,5.0,\N
15346,960,210,0.0,\N
15347,960,5,0.0,\N
15348,960,4,0.0,\N
15349,960,209,0.0,\N
15350,960,15,0.0,\N
15351,961,131,43.0,\N
15352,961,6,27.0,\N
15353,961,9,16.0,\N
15354,961,3,10.0,\N
15355,961,10,5.0,\N
15356,961,210,0.0,\N
15357,961,1,0.0,\N
15358,961,5,0.0,\N
15359,961,15,0.0,\N
15360,961,4,0.0,\N
15361,961,209,0.0,\N
15362,962,131,40.0,\N
15363,962,9,26.0,\N
15364,962,6,22.0,\N
15365,962,1,6.0,\N
15366,962,10,4.0,\N
15367,962,5,2.0,\N
15368,962,4,1.0,\N
15369,962,210,0.0,\N
15370,962,3,0.0,\N
15371,962,15,0.0,\N
15372,962,209,0.0,\N
15373,963,9,43.0,\N
15374,963,131,15.0,\N
15375,963,6,12.0,\N
15376,963,3,10.0,\N
15377,963,10,12.0,\N
15378,963,1,8.0,\N
15379,963,4,1.0,\N
15380,963,5,0.0,\N
15381,963,15,0.0,\N
15382,963,209,0.0,\N
15383,963,210,0.0,\N
15384,964,131,40.0,\N
15385,964,9,26.0,\N
15386,964,6,22.0,\N
15387,964,10,10.0,\N
15388,964,3,3.0,\N
15389,964,210,0.0,\N
15390,964,4,0.0,\N
15391,964,5,0.0,\N
15392,964,15,0.0,\N
15393,964,1,0.0,\N
15394,964,209,0.0,\N
15395,965,131,43.0,\N
15396,965,9,15.0,\N
15397,965,6,12.0,\N
15398,965,1,12.0,\N
15399,965,5,8.0,\N
15400,965,3,6.0,\N
15401,965,10,4.0,\N
15402,965,210,1.0,\N
15403,965,4,0.0,\N
15404,965,15,0.0,\N
15405,965,209,0.0,\N
15406,966,131,43.0,\N
15407,966,6,18.0,\N
15408,966,9,27.0,\N
15409,966,10,7.0,\N
15410,966,3,6.0,\N
15411,966,15,0.0,\N
15412,966,1,0.0,\N
15413,966,4,0.0,\N
15414,966,5,0.0,\N
15415,966,210,0.0,\N
15416,966,209,0.0,\N
15417,967,131,43.0,\N
15418,967,9,19.0,\N
15419,967,10,18.0,\N
15420,967,6,10.0,\N
15421,967,5,8.0,\N
15422,967,15,2.0,\N
15423,967,1,1.0,\N
15424,967,3,0.0,\N
15425,967,209,0.0,\N
15426,967,4,0.0,\N
15427,967,210,0.0,\N
15428,968,131,43.0,\N
15429,968,6,23.0,\N
15430,968,9,22.0,\N
15431,968,10,10.0,\N
15432,968,3,2.0,\N
15433,968,1,1.0,\N
15434,968,210,0.0,\N
15435,968,209,0.0,\N
15436,968,15,0.0,\N
15437,968,4,0.0,\N
15438,968,5,0.0,\N
15439,969,6,37.0,\N
15440,969,131,33.0,\N
15441,969,9,10.0,\N
15442,969,3,8.0,\N
15443,969,10,7.0,\N
15444,969,5,6.0,\N
15445,969,4,0.0,\N
15446,969,15,0.0,\N
15447,969,1,0.0,\N
15448,969,210,0.0,\N
15449,970,131,33.0,\N
15450,970,6,28.0,\N
15451,970,9,27.0,\N
15452,970,5,6.0,\N
15453,970,210,4.0,\N
15454,970,10,3.0,\N
15455,970,4,0.0,\N
15456,970,3,0.0,\N
15457,970,15,0.0,\N
15458,970,1,0.0,\N
15459,971,6,37.0,\N
15460,971,131,33.0,\N
15461,971,9,10.0,\N
15462,971,3,8.0,\N
15463,971,10,7.0,\N
15464,971,210,4.0,\N
15465,971,4,2.0,\N
15466,971,15,0.0,\N
15467,971,5,0.0,\N
15468,971,1,0.0,\N
15469,972,131,37.0,\N
15470,972,6,33.0,\N
15471,972,9,10.0,\N
15472,972,10,14.0,\N
15473,972,4,4.0,\N
15474,972,3,2.0,\N
15475,972,5,1.0,\N
15476,972,210,0.0,\N
15477,972,1,0.0,\N
15478,972,15,0.0,\N
15479,973,131,25.0,\N
15480,973,6,18.0,\N
15481,973,9,15.0,\N
15482,973,10,22.0,\N
15483,973,4,8.0,\N
15484,973,5,8.0,\N
15485,973,15,4.0,\N
15486,973,210,1.0,\N
15487,973,1,0.0,\N
15488,973,3,0.0,\N
15489,974,6,43.0,\N
15490,974,9,25.0,\N
15491,974,131,18.0,\N
15492,974,5,8.0,\N
15493,974,210,5.0,\N
15494,974,3,2.0,\N
15495,974,4,0.0,\N
15496,974,10,0.0,\N
15497,974,1,0.0,\N
15498,974,15,0.0,\N
15499,975,131,43.0,\N
15500,975,9,15.0,\N
15501,975,6,18.0,\N
15502,975,10,18.0,\N
15503,975,4,4.0,\N
15504,975,3,2.0,\N
15505,975,210,1.0,\N
15506,975,15,0.0,\N
15507,975,1,0.0,\N
15508,975,5,0.0,\N
15509,976,9,25.0,\N
15510,976,131,28.0,\N
15511,976,3,15.0,\N
15512,976,6,12.0,\N
15513,976,10,8.0,\N
15514,976,210,6.0,\N
15515,976,5,4.0,\N
15516,976,1,2.0,\N
15517,976,15,1.0,\N
15518,976,4,0.0,\N
15520,977,131,37.0,\N
15521,977,6,28.0,\N
15522,977,9,15.0,\N
15523,977,210,8.0,\N
15524,977,10,10.0,\N
15525,977,3,3.0,\N
15526,977,4,0.0,\N
15527,977,1,0.0,\N
15528,977,15,0.0,\N
15529,977,5,0.0,\N
15530,978,131,43.0,\N
15531,978,6,21.0,\N
15532,978,9,22.0,\N
15533,978,4,8.0,\N
15534,978,10,6.0,\N
15535,978,3,1.0,\N
15536,978,1,0.0,\N
15537,978,210,0.0,\N
15538,978,15,0.0,\N
15539,978,5,0.0,\N
15540,979,6,43.0,\N
15541,979,131,27.0,\N
15542,979,9,10.0,\N
15543,979,1,9.0,\N
15544,979,5,6.0,\N
15545,979,10,6.0,\N
15546,979,4,0.0,\N
15547,979,210,0.0,\N
15548,979,3,0.0,\N
15549,979,15,0.0,\N
15550,980,131,35.0,\N
15551,980,6,30.0,\N
15552,980,9,15.0,\N
15553,980,4,8.0,\N
15554,980,210,6.0,\N
15555,980,3,4.0,\N
15556,980,10,2.0,\N
15557,980,5,1.0,\N
15558,980,1,0.0,\N
15559,980,15,0.0,\N
15560,981,131,43.0,\N
15561,981,6,25.0,\N
15562,981,9,13.0,\N
15563,981,10,10.0,\N
15564,981,3,10.0,\N
15565,981,210,0.0,\N
15566,981,5,0.0,\N
15567,981,4,0.0,\N
15568,981,15,0.0,\N
15569,981,1,0.0,\N
15570,982,131,40.0,\N
15571,982,9,18.0,\N
15572,982,5,12.0,\N
15573,982,10,11.0,\N
15574,982,4,8.0,\N
15575,982,1,6.0,\N
15576,982,3,4.0,\N
15577,982,210,2.0,\N
15578,982,15,0.0,\N
15579,982,6,0.0,\N
15580,983,9,40.0,\N
15581,983,131,28.0,\N
15582,983,6,12.0,\N
15583,983,10,9.0,\N
15584,983,1,6.0,\N
15585,983,3,6.0,\N
15586,983,210,0.0,\N
15587,983,5,0.0,\N
15588,983,4,0.0,\N
15589,983,15,0.0,\N
15590,984,131,37.0,\N
15591,984,9,33.0,\N
15592,984,6,10.0,\N
15593,984,10,14.0,\N
15594,984,210,6.0,\N
15595,984,3,1.0,\N
15596,984,1,0.0,\N
15597,984,4,0.0,\N
15598,984,5,0.0,\N
15599,984,15,0.0,\N
15600,985,131,35.0,\N
15601,985,6,33.0,\N
15602,985,9,12.0,\N
15603,985,10,12.0,\N
15604,985,4,6.0,\N
15605,985,3,2.0,\N
15606,985,5,1.0,\N
15607,985,1,0.0,\N
15608,985,210,0.0,\N
15609,985,15,0.0,\N
15610,986,9,25.0,\N
15611,986,131,20.0,\N
15612,986,6,27.0,\N
15613,986,10,16.0,\N
15614,986,3,8.0,\N
15615,986,210,4.0,\N
15616,986,1,1.0,\N
15617,986,5,0.0,\N
15618,986,15,0.0,\N
15619,986,4,0.0,\N
15620,987,6,40.0,\N
15621,987,131,30.0,\N
15622,987,9,18.0,\N
15623,987,3,6.0,\N
15624,987,1,4.0,\N
15625,987,10,2.0,\N
15626,987,4,1.0,\N
15627,987,5,0.0,\N
15628,987,15,0.0,\N
15629,987,210,0.0,\N
15630,988,131,43.0,\N
15631,988,6,27.0,\N
15632,988,9,10.0,\N
15633,988,4,8.0,\N
15634,988,10,10.0,\N
15635,988,1,2.0,\N
15636,988,3,1.0,\N
15637,988,210,0.0,\N
15638,988,15,0.0,\N
15639,988,5,0.0,\N
15640,989,6,40.0,\N
15641,989,131,22.0,\N
15642,989,9,20.0,\N
15643,989,1,12.0,\N
15644,989,4,7.0,\N
15645,989,10,0.0,\N
15646,989,15,0.0,\N
15647,989,3,0.0,\N
15648,989,5,0.0,\N
15649,989,210,0.0,\N
15650,990,6,25.0,\N
15651,990,131,33.0,\N
15652,990,5,12.0,\N
15653,990,210,10.0,\N
15654,990,4,8.0,\N
15655,990,1,10.0,\N
15656,990,15,2.0,\N
15657,990,10,1.0,\N
15658,990,3,0.0,\N
15659,990,9,0.0,\N
15660,991,9,35.0,\N
15661,991,131,30.0,\N
15662,991,6,19.0,\N
15663,991,4,10.0,\N
15664,991,1,6.0,\N
15665,991,210,1.0,\N
15666,991,10,0.0,\N
15667,991,3,0.0,\N
15668,991,15,0.0,\N
15669,991,5,0.0,\N
15670,992,131,25.0,\N
15671,992,6,30.0,\N
15672,992,10,15.0,\N
15673,992,4,10.0,\N
15674,992,15,8.0,\N
15675,992,1,8.0,\N
15676,992,3,4.0,\N
15677,992,5,1.0,\N
15678,992,210,0.0,\N
15679,992,9,0.0,\N
15680,993,131,43.0,\N
15681,993,9,25.0,\N
15682,993,6,12.0,\N
15683,993,210,8.0,\N
15684,993,4,6.0,\N
15685,993,1,4.0,\N
15686,993,10,2.0,\N
15687,993,15,1.0,\N
15688,993,3,0.0,\N
15689,993,5,0.0,\N
15690,994,9,27.0,\N
15691,994,6,30.0,\N
15692,994,131,25.0,\N
15693,994,10,8.0,\N
15694,994,5,6.0,\N
15695,994,4,5.0,\N
15696,994,15,0.0,\N
15697,994,210,0.0,\N
15698,994,1,0.0,\N
15699,994,3,0.0,\N
15700,995,6,33.0,\N
15701,995,131,28.0,\N
15702,995,9,27.0,\N
15703,995,4,10.0,\N
15704,995,10,2.0,\N
15705,995,15,1.0,\N
15706,995,5,0.0,\N
15707,995,210,0.0,\N
15708,995,1,0.0,\N
15709,995,3,0.0,\N
15710,996,131,31.0,\N
15711,996,9,30.0,\N
15712,996,6,25.0,\N
15713,996,210,8.0,\N
15714,996,4,6.0,\N
15715,996,15,1.0,\N
15716,996,1,0.0,\N
15717,996,5,0.0,\N
15718,996,3,0.0,\N
15719,996,10,0.0,\N
15720,997,9,25.0,\N
15721,997,6,33.0,\N
15722,997,210,22.0,\N
15723,997,10,14.0,\N
15724,997,1,4.0,\N
15725,997,15,3.0,\N
15726,997,5,0.0,\N
15727,997,4,0.0,\N
15728,997,3,0.0,\N
15729,997,131,0.0,\N
15730,998,6,40.0,\N
15731,998,131,30.0,\N
15732,998,9,10.0,\N
15733,998,4,8.0,\N
15734,998,10,7.0,\N
15735,998,1,4.0,\N
15736,998,210,2.0,\N
15737,998,3,0.0,\N
15738,998,5,0.0,\N
15739,998,15,0.0,\N
15740,999,131,43.0,\N
15741,999,6,15.0,\N
15742,999,9,12.0,\N
15743,999,4,10.0,\N
15744,999,210,8.0,\N
15745,999,10,10.0,\N
15746,999,15,2.0,\N
15747,999,5,1.0,\N
15748,999,1,0.0,\N
15749,999,3,0.0,\N
15750,1000,131,35.0,\N
15751,1000,6,33.0,\N
15752,1000,9,12.0,\N
15753,1000,5,8.0,\N
15754,1000,210,7.0,\N
15755,1000,1,4.0,\N
15756,1000,4,2.0,\N
15757,1000,10,0.0,\N
15758,1000,15,0.0,\N
15759,1000,3,0.0,\N
15760,1001,6,25.0,\N
15761,1001,131,30.0,\N
15762,1001,9,15.0,\N
15763,1001,10,18.0,\N
15764,1001,210,10.0,\N
15765,1001,5,2.0,\N
15766,1001,15,1.0,\N
15767,1001,4,0.0,\N
15768,1001,3,0.0,\N
15769,1001,1,0.0,\N
15770,1002,131,40.0,\N
15771,1002,6,30.0,\N
15772,1002,9,10.0,\N
15773,1002,210,0.0,\N
15774,1002,10,14.0,\N
15775,1002,4,4.0,\N
15776,1002,3,3.0,\N
15777,1002,15,0.0,\N
15778,1002,1,0.0,\N
15779,1002,5,0.0,\N
15780,1003,131,37.0,\N
15781,1003,9,26.0,\N
15782,1003,6,25.0,\N
15783,1003,1,6.0,\N
15784,1003,4,5.0,\N
15785,1003,15,2.0,\N
15786,1003,5,0.0,\N
15787,1003,3,0.0,\N
15788,1003,210,0.0,\N
15789,1003,10,0.0,\N
15790,1004,131,43.0,\N
15791,1004,6,27.0,\N
15792,1004,9,18.0,\N
15793,1004,15,6.0,\N
15794,1004,210,4.0,\N
15795,1004,10,3.0,\N
15796,1004,4,0.0,\N
15797,1004,1,0.0,\N
15798,1004,3,0.0,\N
15799,1004,5,0.0,\N
15800,1005,131,43.0,\N
15801,1005,9,27.0,\N
15802,1005,6,18.0,\N
15803,1005,10,8.0,\N
15804,1005,210,4.0,\N
15805,1005,4,1.0,\N
15806,1005,5,0.0,\N
15807,1005,15,0.0,\N
15808,1005,1,0.0,\N
15809,1005,3,0.0,\N
15810,1006,6,37.0,\N
15811,1006,9,18.0,\N
15812,1006,131,25.0,\N
15813,1006,4,14.0,\N
15814,1006,10,4.0,\N
15815,1006,210,0.0,\N
15816,1006,5,2.0,\N
15817,1006,15,1.0,\N
15818,1006,1,0.0,\N
15819,1006,3,0.0,\N
15822,1007,131,22.0,\N
15823,1007,4,8.0,\N
15824,1007,15,8.0,\N
15825,1007,1,4.0,\N
15826,1007,5,1.0,\N
15827,1007,10,0.0,\N
15828,1007,3,0.0,\N
15829,1007,210,0.0,\N
15830,1008,131,35.0,\N
15831,1008,9,30.0,\N
15832,1008,6,23.0,\N
15833,1008,15,6.0,\N
15834,1008,210,6.0,\N
15835,1008,10,1.0,\N
15836,1008,5,0.0,\N
15837,1008,4,0.0,\N
15838,1008,1,0.0,\N
15839,1008,3,0.0,\N
15840,1009,131,35.0,\N
15841,1009,6,18.0,\N
15842,1009,9,27.0,\N
15843,1009,4,8.0,\N
15844,1009,15,6.0,\N
15845,1009,10,4.0,\N
15846,1009,210,3.0,\N
15847,1009,1,0.0,\N
15848,1009,5,0.0,\N
15849,1009,3,0.0,\N
15850,1010,131,44.0,\N
15851,1010,9,15.0,\N
15852,1010,6,22.0,\N
15853,1010,210,8.0,\N
15854,1010,4,6.0,\N
15855,1010,51,4.0,\N
15856,1010,211,2.0,\N
15857,1010,5,1.0,\N
15858,1010,1,0.0,\N
15859,1010,3,0.0,\N
15860,1011,131,43.0,\N
15861,1011,6,26.0,\N
15862,1011,9,16.0,\N
15863,1011,1,8.0,\N
15864,1011,51,6.0,\N
15865,1011,211,1.0,\N
15866,1011,210,0.0,\N
15867,1011,3,0.0,\N
15868,1011,4,0.0,\N
15869,1011,5,2.0,\N
15870,1012,131,43.0,\N
15871,1012,6,25.0,\N
15872,1012,9,21.0,\N
15873,1012,4,6.0,\N
15874,1012,211,4.0,\N
15875,1012,51,2.0,\N
15876,1012,5,1.0,\N
15877,1012,210,0.0,\N
15878,1012,1,0.0,\N
15879,1012,3,0.0,\N
15880,1013,131,43.0,\N
15881,1013,6,26.0,\N
15882,1013,9,12.0,\N
15883,1013,211,10.0,\N
15884,1013,1,10.0,\N
15885,1013,51,1.0,\N
15886,1013,5,0.0,\N
15887,1013,210,0.0,\N
15888,1013,4,0.0,\N
15889,1013,3,0.0,\N
15890,1014,131,44.0,\N
15891,1014,9,23.0,\N
15892,1014,6,22.0,\N
15893,1014,210,7.0,\N
15894,1014,1,4.0,\N
15895,1014,5,2.0,\N
15896,1014,4,0.0,\N
15897,1014,51,0.0,\N
15898,1014,211,0.0,\N
15899,1014,3,0.0,\N
15900,1015,131,40.0,\N
15901,1015,6,18.0,\N
15902,1015,9,23.0,\N
15903,1015,1,8.0,\N
15904,1015,5,10.0,\N
15905,1015,4,2.0,\N
15906,1015,210,1.0,\N
15907,1015,211,0.0,\N
15908,1015,3,0.0,\N
15909,1015,51,0.0,\N
15910,1016,131,38.0,\N
15911,1016,6,33.0,\N
15912,1016,9,14.0,\N
15913,1016,4,14.0,\N
15914,1016,211,2.0,\N
15915,1016,5,1.0,\N
15916,1016,1,0.0,\N
15917,1016,51,0.0,\N
15918,1016,210,0.0,\N
15919,1016,3,0.0,\N
15920,1017,131,43.0,\N
15921,1017,6,26.0,\N
15922,1017,9,13.0,\N
15923,1017,1,10.0,\N
15924,1017,4,4.0,\N
15925,1017,51,6.0,\N
15926,1017,211,0.0,\N
15927,1017,5,0.0,\N
15928,1017,210,0.0,\N
15929,1017,3,0.0,\N
15930,1018,9,32.0,\N
15931,1018,6,30.0,\N
15932,1018,131,25.0,\N
15933,1018,1,12.0,\N
15934,1018,51,3.0,\N
15935,1018,211,0.0,\N
15936,1018,4,0.0,\N
15937,1018,5,0.0,\N
15938,1018,210,0.0,\N
15939,1018,3,0.0,\N
15940,1019,131,44.0,\N
15941,1019,6,15.0,\N
15942,1019,9,22.0,\N
15943,1019,1,8.0,\N
15944,1019,4,7.0,\N
15945,1019,51,4.0,\N
15946,1019,5,2.0,\N
15947,1019,211,0.0,\N
15948,1019,3,0.0,\N
15949,1019,210,0.0,\N
15950,1020,9,26.0,\N
15951,1020,6,18.0,\N
15952,1020,5,23.0,\N
15953,1020,211,12.0,\N
15954,1020,1,10.0,\N
15955,1020,51,0.0,\N
15956,1020,210,10.0,\N
15957,1020,131,2.0,\N
15958,1020,3,1.0,\N
15959,1020,4,0.0,\N
15960,1021,131,29.0,\N
15961,1021,9,27.0,\N
15962,1021,6,27.0,\N
15963,1021,1,12.0,\N
15964,1021,51,6.0,\N
15965,1021,5,1.0,\N
15966,1021,211,0.0,\N
15967,1021,4,0.0,\N
15968,1021,210,0.0,\N
15969,1021,3,0.0,\N
15970,1022,6,38.0,\N
15971,1022,131,33.0,\N
15972,1022,9,10.0,\N
15973,1022,211,9.0,\N
15974,1022,5,8.0,\N
15975,1022,4,4.0,\N
15976,1022,1,0.0,\N
15977,1022,210,0.0,\N
15978,1022,3,0.0,\N
15979,1022,51,0.0,\N
15980,1023,6,25.0,\N
15981,1023,131,34.0,\N
15982,1023,4,22.0,\N
15983,1023,9,12.0,\N
15984,1023,211,6.0,\N
15985,1023,51,2.0,\N
15986,1023,1,1.0,\N
15987,1023,5,0.0,\N
15988,1023,3,0.0,\N
15989,1023,210,0.0,\N
15990,1024,6,43.0,\N
15991,1024,9,23.0,\N
15992,1024,131,22.0,\N
15993,1024,1,6.0,\N
15994,1024,5,4.0,\N
15995,1024,4,2.0,\N
15996,1024,51,1.0,\N
15997,1024,210,0.0,\N
15998,1024,211,0.0,\N
15999,1024,3,0.0,\N
16000,1025,131,44.0,\N
16001,1025,6,15.0,\N
16002,1025,9,22.0,\N
16003,1025,1,12.0,\N
16004,1025,211,6.0,\N
16005,1025,210,2.0,\N
16006,1025,4,1.0,\N
16007,1025,5,0.0,\N
16008,1025,51,0.0,\N
16009,1025,3,0.0,\N
16010,1026,131,41.0,\N
16011,1026,6,26.0,\N
16012,1026,9,12.0,\N
16013,1026,1,10.0,\N
16014,1026,4,0.0,\N
16015,1026,5,7.0,\N
16016,1026,211,6.0,\N
16017,1026,51,0.0,\N
16018,1026,210,0.0,\N
16019,1026,3,0.0,\N
16020,1027,131,40.0,\N
16021,1027,6,31.0,\N
16022,1027,9,18.0,\N
16023,1027,211,6.0,\N
16024,1027,4,5.0,\N
16025,1027,5,2.0,\N
16026,1027,1,0.0,\N
16027,1027,51,0.0,\N
16028,1027,210,0.0,\N
16029,1027,3,0.0,\N
16030,1028,131,43.0,\N
16031,1028,9,25.0,\N
16032,1028,6,13.0,\N
16033,1028,4,10.0,\N
16034,1028,1,10.0,\N
16035,1028,211,1.0,\N
16036,1028,51,0.0,\N
16037,1028,5,0.0,\N
16038,1028,210,0.0,\N
16039,1028,3,0.0,\N
16040,1029,9,25.0,\N
16041,1029,5,19.0,\N
16042,1029,1,19.0,\N
16043,1029,51,22.0,\N
16044,1029,4,8.0,\N
16045,1029,131,6.0,\N
16046,1029,211,2.0,\N
16047,1029,210,0.0,\N
16048,1029,3,0.0,\N
16049,1029,6,0.0,\N
16050,1030,131,38.0,\N
16051,1030,9,26.0,\N
16052,1030,6,25.0,\N
16053,1030,211,6.0,\N
16054,1030,1,5.0,\N
16055,1030,5,2.0,\N
16056,1030,4,0.0,\N
16057,1030,51,0.0,\N
16058,1030,210,0.0,\N
16059,1030,3,0.0,\N
16060,1031,131,37.0,\N
16061,1031,6,19.0,\N
16062,1031,1,26.0,\N
16063,1031,211,8.0,\N
16064,1031,213,6.0,\N
16065,1031,4,4.0,\N
16066,1031,51,2.0,\N
16067,1031,3,0.0,\N
16068,1031,9,0.0,\N
16069,1031,210,0.0,\N
16070,1032,131,43.0,\N
16071,1032,9,27.0,\N
16072,1032,1,13.0,\N
16073,1032,211,14.0,\N
16074,1032,4,4.0,\N
16075,1032,213,1.0,\N
16076,1032,51,0.0,\N
16077,1032,210,0.0,\N
16078,1032,3,0.0,\N
16079,1032,6,0.0,\N
16080,1033,131,41.0,\N
16081,1033,9,28.0,\N
16082,1033,211,18.0,\N
16083,1033,6,8.0,\N
16084,1033,4,4.0,\N
16085,1033,210,1.0,\N
16086,1033,1,2.0,\N
16087,1033,213,0.0,\N
16088,1033,51,0.0,\N
16089,1033,3,0.0,\N
16090,1034,131,25.0,\N
16091,1034,9,23.0,\N
16092,1034,6,16.0,\N
16093,1034,4,20.0,\N
16094,1034,1,10.0,\N
16095,1034,213,6.0,\N
16096,1034,211,2.0,\N
16097,1034,3,0.0,\N
16098,1034,51,0.0,\N
16099,1034,210,0.0,\N
16100,1035,9,35.0,\N
16101,1035,131,34.0,\N
16102,1035,6,12.0,\N
16103,1035,211,14.0,\N
16104,1035,4,4.0,\N
16105,1035,1,2.0,\N
16106,1035,213,1.0,\N
16107,1035,51,0.0,\N
16108,1035,210,0.0,\N
16109,1035,3,0.0,\N
16110,1036,131,41.0,\N
16111,1036,9,22.0,\N
16112,1036,211,22.0,\N
16113,1036,1,9.0,\N
16114,1036,6,6.0,\N
16115,1036,213,2.0,\N
16116,1036,4,0.0,\N
16117,1036,51,0.0,\N
16118,1036,210,0.0,\N
16119,1036,3,0.0,\N
16120,1037,131,43.0,\N
16121,1037,9,23.0,\N
16122,1037,4,23.0,\N
16123,1037,1,6.0,\N
16124,1037,213,4.0,\N
16125,1037,211,3.0,\N
16126,1037,51,0.0,\N
16127,1037,6,0.0,\N
16128,1037,210,0.0,\N
16129,1037,3,0.0,\N
16130,1038,213,27.0,\N
16131,1038,1,30.0,\N
16132,1038,211,16.0,\N
16133,1038,131,17.0,\N
16134,1038,4,12.0,\N
16135,1038,3,0.0,\N
16136,1038,210,0.0,\N
16137,1038,51,0.0,\N
16138,1038,9,0.0,\N
16139,1038,6,0.0,\N
16140,1039,131,44.0,\N
16141,1039,9,15.0,\N
16142,1039,4,12.0,\N
16143,1039,211,10.0,\N
16144,1039,1,8.0,\N
16145,1039,213,6.0,\N
16146,1039,6,5.0,\N
16147,1039,51,2.0,\N
16148,1039,3,0.0,\N
16149,1039,210,0.0,\N
16150,1040,131,41.0,\N
16151,1040,9,19.0,\N
16152,1040,211,12.0,\N
16153,1040,4,16.0,\N
16154,1040,6,8.0,\N
16155,1040,213,6.0,\N
16156,1040,51,0.0,\N
16157,1040,210,0.0,\N
16158,1040,1,0.0,\N
16159,1040,3,0.0,\N
16160,1041,131,25.0,\N
16161,1041,9,19.0,\N
16162,1041,4,15.0,\N
16163,1041,211,16.0,\N
16164,1041,1,10.0,\N
16165,1041,213,8.0,\N
16166,1041,6,6.0,\N
16167,1041,210,2.0,\N
16168,1041,51,1.0,\N
16169,1041,3,0.0,\N
16170,1042,131,44.0,\N
16171,1042,9,15.0,\N
16172,1042,6,13.0,\N
16173,1042,213,10.0,\N
16174,1042,1,8.0,\N
16175,1042,211,6.0,\N
16176,1042,4,6.0,\N
16177,1042,51,0.0,\N
16178,1042,3,0.0,\N
16179,1042,210,0.0,\N
16180,1043,131,44.0,\N
16181,1043,4,15.0,\N
16182,1043,213,12.0,\N
16183,1043,6,10.0,\N
16184,1043,211,8.0,\N
16185,1043,1,10.0,\N
16186,1043,51,3.0,\N
16187,1043,3,0.0,\N
16188,1043,210,0.0,\N
16189,1043,9,0.0,\N
16190,1044,131,25.0,\N
16191,1044,211,20.0,\N
16192,1044,6,27.0,\N
16193,1044,1,15.0,\N
16194,1044,9,14.0,\N
16195,1044,4,1.0,\N
16196,1044,213,0.0,\N
16197,1044,51,0.0,\N
16198,1044,3,0.0,\N
16199,1044,210,0.0,\N
16200,1045,131,29.0,\N
16201,1045,9,34.0,\N
16202,1045,1,22.0,\N
16203,1045,213,8.0,\N
16204,1045,4,8.0,\N
16205,1045,6,1.0,\N
16206,1045,3,0.0,\N
16207,1045,51,0.0,\N
16208,1045,210,0.0,\N
16209,1045,211,0.0,\N
16210,1046,211,40.0,\N
16211,1046,4,28.0,\N
16212,1046,1,13.0,\N
16213,1046,9,8.0,\N
16214,1046,213,6.0,\N
16215,1046,131,7.0,\N
16216,1046,6,0.0,\N
16217,1046,51,0.0,\N
16218,1046,210,0.0,\N
16219,1046,3,0.0,\N
16220,1047,9,37.0,\N
16221,1047,131,33.0,\N
16222,1047,1,18.0,\N
16223,1047,4,9.0,\N
16224,1047,213,4.0,\N
16225,1047,211,1.0,\N
16226,1047,51,0.0,\N
16227,1047,6,0.0,\N
16228,1047,3,0.0,\N
16229,1047,210,0.0,\N
16230,1052,131,41.0,\N
16231,1052,9,28.0,\N
16232,1052,1,18.0,\N
16233,1052,6,12.0,\N
16234,1052,213,2.0,\N
16235,1052,117,1.0,\N
16236,1052,51,0.0,\N
16237,1052,214,0.0,\N
16238,1052,3,0.0,\N
16239,1052,210,0.0,\N
16240,1053,9,25.0,\N
16241,1053,131,19.0,\N
16242,1053,1,23.0,\N
16243,1053,6,22.0,\N
16244,1053,117,4.0,\N
16245,1053,213,6.0,\N
16246,1053,51,0.0,\N
16247,1053,214,3.0,\N
16248,1053,210,0.0,\N
16249,1053,3,0.0,\N
16250,1054,131,41.0,\N
16251,1054,9,30.0,\N
16252,1054,1,12.0,\N
16253,1054,6,8.0,\N
16254,1054,214,10.0,\N
16255,1054,213,1.0,\N
16256,1054,51,0.0,\N
16257,1054,117,0.0,\N
16258,1054,3,0.0,\N
16259,1054,210,0.0,\N
16260,1055,131,40.0,\N
16261,1055,9,29.0,\N
16262,1055,6,18.0,\N
16263,1055,1,12.0,\N
16264,1055,214,2.0,\N
16265,1055,213,1.0,\N
16266,1055,117,0.0,\N
16267,1055,51,0.0,\N
16268,1055,3,0.0,\N
16269,1055,210,0.0,\N
16270,1056,6,18.0,\N
16271,1056,9,37.0,\N
16272,1056,1,15.0,\N
16273,1056,117,14.0,\N
16274,1056,213,8.0,\N
16275,1056,131,7.0,\N
16276,1056,214,2.0,\N
16277,1056,51,1.0,\N
16278,1056,3,0.0,\N
16279,1056,210,0.0,\N
16280,1057,9,25.0,\N
16281,1057,117,18.0,\N
16282,1057,213,21.0,\N
16283,1057,6,16.0,\N
16284,1057,1,12.0,\N
16285,1057,214,8.0,\N
16286,1057,51,1.0,\N
16287,1057,131,0.0,\N
16288,1057,210,0.0,\N
16289,1057,3,0.0,\N
16290,1059,9,41.0,\N
16291,1059,131,30.0,\N
16292,1059,1,18.0,\N
16293,1059,213,6.0,\N
16294,1059,214,4.0,\N
16295,1059,117,3.0,\N
16296,1059,6,0.0,\N
16297,1059,3,0.0,\N
16298,1059,51,0.0,\N
16299,1059,210,0.0,\N
16300,1058,9,37.0,\N
16301,1058,131,34.0,\N
16302,1058,1,10.0,\N
16303,1058,6,14.0,\N
16304,1058,117,4.0,\N
16305,1058,214,2.0,\N
16306,1058,213,1.0,\N
16307,1058,51,0.0,\N
16308,1058,210,0.0,\N
16309,1058,3,0.0,\N
16310,1060,9,34.0,\N
16311,1060,131,30.0,\N
16312,1060,1,21.0,\N
16313,1060,6,14.0,\N
16314,1060,213,2.0,\N
16315,1060,214,1.0,\N
16316,1060,3,0.0,\N
16317,1060,117,0.0,\N
16318,1060,51,0.0,\N
16319,1060,210,0.0,\N
16320,1061,131,43.0,\N
16321,1061,6,26.0,\N
16322,1061,1,22.0,\N
16323,1061,214,8.0,\N
16324,1061,117,4.0,\N
16325,1061,213,1.0,\N
16326,1061,3,0.0,\N
16327,1061,51,0.0,\N
16328,1061,9,3.0,\N
16329,1061,210,0.0,\N
16330,1062,214,37.0,\N
16331,1062,117,0.0,\N
16332,1062,131,18.0,\N
16333,1062,6,15.0,\N
16334,1062,213,19.0,\N
16335,1062,3,10.0,\N
16336,1062,9,2.0,\N
16337,1062,51,1.0,\N
16338,1062,1,0.0,\N
16339,1062,210,0.0,\N
16340,1063,9,12.5,\N
16341,1063,3,10.0,\N
16342,1063,131,7.5,\N
16343,1063,1,6.0,\N
16344,1063,117,5.0,\N
16345,1063,213,4.0,\N
16346,1063,214,3.0,\N
16347,1063,6,2.5,\N
16348,1063,51,0.0,\N
16349,1063,210,0.0,\N
16350,1064,9,29.0,\N
16351,1064,131,34.0,\N
16352,1064,213,12.0,\N
16353,1064,6,16.0,\N
16354,1064,214,10.0,\N
16355,1064,1,1.0,\N
16356,1064,117,0.0,\N
16357,1064,51,0.0,\N
16358,1064,3,0.0,\N
16359,1064,210,0.0,\N
16360,1065,1,45.0,\N
16361,1065,131,18.0,\N
16362,1065,6,20.0,\N
16363,1065,9,12.0,\N
16364,1065,117,6.0,\N
16365,1065,214,5.0,\N
16366,1065,3,2.0,\N
16367,1065,51,0.0,\N
16368,1065,210,0.0,\N
16369,1065,213,0.0,\N
16370,1066,131,35.0,\N
16371,1066,9,20.0,\N
16372,1066,6,15.0,\N
16373,1066,1,19.0,\N
16374,1066,214,8.0,\N
16375,1066,51,4.0,\N
16376,1066,3,1.0,\N
16377,1066,117,0.0,\N
16378,1066,213,0.0,\N
16379,1066,210,0.0,\N
16380,1067,131,36.0,\N
16381,1067,9,33.0,\N
16382,1067,6,16.0,\N
16383,1067,213,8.0,\N
16384,1067,1,6.0,\N
16385,1067,117,2.0,\N
16386,1067,214,1.0,\N
16387,1067,51,0.0,\N
16388,1067,3,0.0,\N
16389,1067,210,0.0,\N
16390,1069,9,40.0,\N
16391,1069,131,27.0,\N
16392,1069,6,18.0,\N
16393,1069,1,14.0,\N
16394,1069,213,2.0,\N
16395,1069,117,1.0,\N
16396,1069,51,0.0,\N
16397,1069,3,0.0,\N
16398,1069,210,0.0,\N
16399,1069,214,0.0,\N
16400,1070,9,40.0,\N
16401,1070,131,18.0,\N
16402,1070,213,12.0,\N
16403,1070,6,18.0,\N
16404,1070,117,6.0,\N
16405,1070,51,4.0,\N
16406,1070,214,2.0,\N
16407,1070,1,1.0,\N
16408,1070,3,0.0,\N
16409,1070,210,0.0,\N
16410,1071,131,43.0,\N
16411,1071,9,33.0,\N
16412,1071,6,19.0,\N
16413,1071,213,6.0,\N
16414,1071,214,6.0,\N
16415,1071,1,1.0,\N
16416,1071,117,0.0,\N
16417,1071,51,0.0,\N
16418,1071,3,0.0,\N
16419,1071,210,0.0,\N
16420,1051,131,25.0,\N
16421,1051,9,31.0,\N
16422,1051,214,25.0,\N
16423,1051,117,9.0,\N
16424,1051,6,10.0,\N
16425,1051,1,2.0,\N
16426,1051,213,0.0,\N
16427,1051,51,0.0,\N
16428,1051,210,0.0,\N
16429,1051,3,0.0,\N
16430,1072,131,41.0,\N
16431,1072,9,18.0,\N
16432,1072,214,12.0,\N
16433,1072,1,11.0,\N
16434,1072,213,8.0,\N
16435,1072,6,10.0,\N
16436,1072,51,2.0,\N
16437,1072,117,0.0,\N
16438,1072,3,0.0,\N
16439,1072,210,0.0,\N
16440,1073,9,26.0,\N
16441,1073,131,26.0,\N
16442,1073,6,16.0,\N
16443,1073,213,22.0,\N
16444,1073,1,6.0,\N
16445,1073,214,6.0,\N
16446,1073,117,0.0,\N
16447,1073,210,0.0,\N
16448,1073,3,0.0,\N
16449,1073,51,0.0,\N
16450,1074,6,44.0,\N
16451,1074,131,27.0,\N
16452,1074,210,10.0,\N
16453,1074,51,9.0,\N
16454,1074,214,8.0,\N
16455,1074,213,4.0,\N
16456,1074,117,0.0,\N
16457,1074,3,0.0,\N
16458,1074,1,0.0,\N
16459,1074,9,0.0,\N
16460,1075,9,37.0,\N
16461,1075,6,34.0,\N
16462,1075,131,11.0,\N
16463,1075,214,8.0,\N
16464,1075,1,6.0,\N
16465,1075,213,4.0,\N
16466,1075,210,2.0,\N
16467,1075,51,0.0,\N
16468,1075,117,0.0,\N
16469,1075,3,0.0,\N
16470,1076,6,26.0,\N
16471,1076,9,18.0,\N
16472,1076,131,27.0,\N
16473,1076,1,18.0,\N
16474,1076,214,6.0,\N
16475,1076,51,4.0,\N
16476,1076,213,2.0,\N
16477,1076,3,1.0,\N
16478,1076,117,0.0,\N
16479,1076,210,0.0,\N
16480,1077,9,58.0,\N
16481,1077,1,22.0,\N
16482,1077,131,12.0,\N
16483,1077,51,12.0,\N
16484,1077,6,20.0,\N
16485,1077,213,6.0,\N
16486,1077,117,5.0,\N
16487,1077,210,3.0,\N
16488,1077,3,0.0,\N
16489,1077,214,0.0,\N
16490,1078,9,38.0,\N
16491,1078,6,33.0,\N
16492,1078,131,18.0,\N
16493,1078,51,6.0,\N
16494,1078,214,4.0,\N
16495,1078,3,2.0,\N
16496,1078,117,1.0,\N
16497,1078,213,0.0,\N
16498,1078,1,0.0,\N
16499,1078,210,0.0,\N
16500,1079,9,44.0,\N
16501,1079,131,25.0,\N
16502,1079,6,12.0,\N
16503,1079,51,8.0,\N
16504,1079,214,8.0,\N
16505,1079,1,4.0,\N
16506,1079,213,1.0,\N
16507,1079,117,0.0,\N
16508,1079,210,0.0,\N
16509,1079,3,0.0,\N
16510,1080,9,40.0,\N
16511,1080,6,30.0,\N
16512,1080,131,14.0,\N
16513,1080,1,9.0,\N
16514,1080,214,6.0,\N
16515,1080,51,2.0,\N
16516,1080,117,1.0,\N
16517,1080,213,0.0,\N
16518,1080,3,0.0,\N
16519,1080,210,0.0,\N
16520,1081,9,44.0,\N
16521,1081,131,27.0,\N
16522,1081,213,10.0,\N
16523,1081,117,8.0,\N
16524,1081,214,7.0,\N
16525,1081,1,6.0,\N
16526,1081,51,0.0,\N
16527,1081,3,0.0,\N
16528,1081,210,0.0,\N
16529,1081,6,0.0,\N
16530,1082,9,25.0,\N
16531,1082,6,29.0,\N
16532,1082,131,27.0,\N
16533,1082,214,10.0,\N
16534,1082,51,10.0,\N
16535,1082,117,1.0,\N
16536,1082,1,0.0,\N
16537,1082,3,0.0,\N
16538,1082,213,0.0,\N
16539,1082,210,0.0,\N
16540,1083,6,37.0,\N
16541,1083,9,24.0,\N
16542,1083,131,16.0,\N
16543,1083,214,10.0,\N
16544,1083,1,8.0,\N
16545,1083,210,5.0,\N
16546,1083,117,2.0,\N
16547,1083,3,0.0,\N
16548,1083,213,0.0,\N
16549,1083,51,0.0,\N
16550,1084,6,38.0,\N
16551,1084,9,31.0,\N
16552,1084,131,33.0,\N
16553,1084,214,14.0,\N
16554,1084,210,14.0,\N
16555,1084,1,8.0,\N
16556,1084,51,0.0,\N
16557,1084,3,0.0,\N
16558,1084,117,0.0,\N
16559,1084,213,0.0,\N
16560,1085,9,37.0,\N
16561,1085,131,33.0,\N
16562,1085,6,11.0,\N
16563,1085,214,12.0,\N
16564,1085,1,8.0,\N
16565,1085,117,1.0,\N
16566,1085,213,0.0,\N
16567,1085,3,0.0,\N
16568,1085,51,0.0,\N
16569,1085,210,0.0,\N
16570,1086,9,35.0,\N
16571,1086,131,34.0,\N
16572,1086,6,20.0,\N
16573,1086,1,6.0,\N
16574,1086,214,6.0,\N
16575,1086,117,1.0,\N
16576,1086,213,0.0,\N
16577,1086,51,0.0,\N
16578,1086,210,0.0,\N
16579,1086,3,0.0,\N
16580,1087,9,44.0,\N
16581,1087,6,23.0,\N
16582,1087,131,12.0,\N
16583,1087,214,16.0,\N
16584,1087,117,4.0,\N
16585,1087,213,2.0,\N
16586,1087,3,1.0,\N
16587,1087,1,0.0,\N
16588,1087,51,0.0,\N
16589,1087,210,0.0,\N
16590,1088,9,36.0,\N
16591,1088,131,30.0,\N
16592,1088,6,19.0,\N
16593,1088,214,10.0,\N
16594,1088,1,6.0,\N
16595,1088,117,1.0,\N
16596,1088,213,0.0,\N
16597,1088,3,0.0,\N
16598,1088,210,0.0,\N
16599,1088,51,0.0,\N
16600,1089,9,34.0,\N
16601,1089,6,30.0,\N
16602,1089,131,25.0,\N
16603,1089,1,6.0,\N
16604,1089,213,4.0,\N
16605,1089,3,2.0,\N
16606,1089,51,1.0,\N
16607,1089,214,0.0,\N
16608,1089,210,0.0,\N
16609,1089,117,0.0,\N
16610,1091,9,31.0,\N
16611,1091,6,33.0,\N
16612,1091,1,22.0,\N
16613,1091,117,12.0,\N
16614,1091,131,2.0,\N
16615,1091,213,1.0,\N
16616,1091,51,0.0,\N
16617,1091,210,0.0,\N
16618,1091,214,0.0,\N
16619,1091,3,0.0,\N
16620,1092,9,43.0,\N
16621,1092,6,15.0,\N
16622,1092,214,18.0,\N
16623,1092,131,14.0,\N
16624,1092,117,8.0,\N
16625,1092,3,2.0,\N
16626,1092,1,1.0,\N
16627,1092,213,0.0,\N
16628,1092,210,0.0,\N
16629,1092,51,0.0,\N
16630,1093,9,37.0,\N
16631,1093,131,29.0,\N
16632,1093,6,15.0,\N
16633,1093,1,8.0,\N
16634,1093,117,4.0,\N
16635,1093,210,2.0,\N
16636,1093,213,1.0,\N
16637,1093,214,6.0,\N
16638,1093,51,0.0,\N
16639,1093,3,0.0,\N
16640,1094,9,40.0,\N
16641,1094,131,31.0,\N
16642,1094,6,18.0,\N
16643,1094,1,8.0,\N
16644,1094,214,4.0,\N
16645,1094,51,1.0,\N
16646,1094,213,0.0,\N
16647,1094,3,0.0,\N
16648,1094,117,0.0,\N
16649,1094,210,0.0,\N
16650,1095,131,58.0,\N
16651,1095,6,37.0,\N
16652,1095,214,14.0,\N
16653,1095,9,23.0,\N
16654,1095,51,2.0,\N
16655,1095,117,1.0,\N
16656,1095,210,1.0,\N
16657,1095,213,0.0,\N
16658,1095,3,0.0,\N
16659,1095,1,2.0,\N
16660,1096,9,40.0,\N
16661,1096,6,30.0,\N
16662,1096,131,10.0,\N
16663,1096,1,11.0,\N
16664,1096,214,6.0,\N
16665,1096,117,5.0,\N
16666,1096,213,0.0,\N
16667,1096,51,0.0,\N
16668,1096,3,0.0,\N
16669,1096,210,0.0,\N
16670,1098,9,43.0,\N
16671,1098,117,23.0,\N
16672,1098,6,12.0,\N
16673,1098,131,16.0,\N
16674,1098,51,4.0,\N
16675,1098,214,2.0,\N
16676,1098,3,1.0,\N
16677,1098,213,0.0,\N
16678,1098,210,0.0,\N
16679,1098,1,0.0,\N
16680,1099,9,44.0,\N
16681,1099,131,22.0,\N
16682,1099,117,15.0,\N
16683,1099,6,14.0,\N
16684,1099,214,6.0,\N
16685,1099,210,1.0,\N
16686,1099,213,0.0,\N
16687,1099,51,0.0,\N
16688,1099,1,0.0,\N
16689,1099,3,0.0,\N
16690,1100,9,36.0,\N
16691,1100,131,18.0,\N
16692,1100,117,27.0,\N
16693,1100,1,12.0,\N
16694,1100,210,6.0,\N
16695,1100,51,2.0,\N
16696,1100,213,1.0,\N
16697,1100,6,0.0,\N
16698,1100,214,0.0,\N
16699,1100,3,0.0,\N
16700,1101,9,57.0,\N
16701,1101,6,36.0,\N
16702,1101,117,22.0,\N
16703,1101,131,20.0,\N
16704,1101,1,2.0,\N
16705,1101,213,1.0,\N
16706,1101,3,0.0,\N
16707,1101,210,0.0,\N
16708,1101,214,0.0,\N
16709,1101,51,0.0,\N
16710,1102,9,44.0,\N
16711,1102,117,15.0,\N
16712,1102,131,20.0,\N
16713,1102,6,16.0,\N
16714,1102,214,6.0,\N
16715,1102,210,1.0,\N
16716,1102,213,0.0,\N
16717,1102,51,0.0,\N
16718,1102,3,0.0,\N
16719,1102,1,0.0,\N
16720,1104,9,25.0,\N
16721,1104,117,18.0,\N
16722,1104,214,21.0,\N
16723,1104,131,23.0,\N
16724,1104,6,12.0,\N
16725,1104,1,3.0,\N
16726,1104,51,0.0,\N
16727,1104,213,0.0,\N
16728,1104,3,0.0,\N
16729,1104,210,0.0,\N
16730,1105,9,38.0,\N
16731,1105,131,33.0,\N
16732,1105,6,10.0,\N
16733,1105,117,14.0,\N
16734,1105,214,5.0,\N
16735,1105,51,2.0,\N
16736,1105,213,0.0,\N
16737,1105,1,0.0,\N
16738,1105,210,0.0,\N
16739,1105,3,0.0,\N
16740,1106,9,34.0,\N
16741,1106,117,20.0,\N
16742,1106,131,15.0,\N
16743,1106,6,22.0,\N
16744,1106,3,6.0,\N
16745,1106,214,4.0,\N
16746,1106,51,1.0,\N
16747,1106,1,0.0,\N
16748,1106,213,0.0,\N
16749,1106,210,0.0,\N
16750,1107,9,56.0,\N
16751,1107,6,32.0,\N
16752,1107,1,12.0,\N
16753,1107,117,21.0,\N
16754,1107,131,11.0,\N
16755,1107,214,3.0,\N
16756,1107,3,0.0,\N
16757,1107,51,0.0,\N
16758,1107,213,0.0,\N
16759,1107,210,3.0,\N
16760,1108,9,34.0,\N
16761,1108,1,30.0,\N
16762,1108,131,25.0,\N
16763,1108,117,6.0,\N
16764,1108,3,4.0,\N
16765,1108,6,3.0,\N
16766,1108,51,0.0,\N
16767,1108,210,0.0,\N
16768,1108,213,0.0,\N
16769,1108,214,0.0,\N
16770,1109,9,41.0,\N
16771,1109,1,28.0,\N
16772,1109,131,20.0,\N
16773,1109,6,10.0,\N
16774,1109,117,3.0,\N
16775,1109,3,0.0,\N
16776,1109,51,0.0,\N
16777,1109,213,0.0,\N
16778,1109,210,0.0,\N
16779,1109,214,0.0,\N
16780,1110,9,51.0,\N
16781,1110,6,24.0,\N
16782,1110,131,24.0,\N
16783,1110,117,12.0,\N
16784,1110,1,16.0,\N
16785,1110,214,10.0,\N
16786,1110,213,1.0,\N
16787,1110,51,0.0,\N
16788,1110,3,0.0,\N
16789,1110,210,0.0,\N
16790,1111,9,37.0,\N
16791,1111,117,19.0,\N
16792,1111,214,16.0,\N
16793,1111,6,10.0,\N
16794,1111,131,8.0,\N
16795,1111,1,8.0,\N
16796,1111,3,4.0,\N
16797,1111,210,0.0,\N
16798,1111,213,0.0,\N
16799,1111,51,0.0,\N
16800,1112,9,43.0,\N
16801,1112,6,27.0,\N
16802,1112,131,18.0,\N
16803,1112,3,6.0,\N
16804,1112,1,4.0,\N
16805,1112,117,2.0,\N
16806,1112,51,1.0,\N
16807,1112,213,0.0,\N
16808,1112,214,0.0,\N
16809,1112,210,0.0,\N
16810,1113,6,37.0,\N
16811,1113,1,24.0,\N
16812,1113,131,16.0,\N
16813,1113,9,14.0,\N
16814,1113,214,8.0,\N
16815,1113,213,2.0,\N
16816,1113,210,1.0,\N
16817,1113,3,0.0,\N
16818,1113,51,0.0,\N
16819,1113,117,0.0,\N
16820,1114,9,26.0,\N
16821,1114,1,33.0,\N
16822,1114,6,20.0,\N
16823,1114,131,16.0,\N
16824,1114,117,4.0,\N
16825,1114,214,3.0,\N
16826,1114,213,0.0,\N
16827,1114,51,0.0,\N
16828,1114,210,0.0,\N
16829,1114,3,0.0,\N
16830,1115,9,34.0,\N
16831,1115,1,47.0,\N
16832,1115,131,21.0,\N
16833,1115,6,13.0,\N
16834,1115,117,9.0,\N
16835,1115,214,6.0,\N
16836,1115,51,6.0,\N
16837,1115,3,2.0,\N
16838,1115,210,0.0,\N
16839,1115,213,0.0,\N
16840,1116,9,49.0,\N
16841,1116,1,23.0,\N
16842,1116,6,24.0,\N
16843,1116,131,18.0,\N
16844,1116,214,10.0,\N
16845,1116,117,6.0,\N
16846,1116,213,5.0,\N
16847,1116,3,3.0,\N
16848,1116,210,0.0,\N
16849,1116,51,0.0,\N
16850,1117,9,25.0,\N
16851,1117,131,27.0,\N
16852,1117,6,27.0,\N
16853,1117,1,14.0,\N
16854,1117,213,6.0,\N
16855,1117,3,2.0,\N
16856,1117,214,1.0,\N
16857,1117,210,0.0,\N
16858,1117,51,0.0,\N
16859,1117,117,0.0,\N
16860,1118,9,51.0,\N
16861,1118,1,26.0,\N
16862,1118,117,25.0,\N
16863,1118,6,13.0,\N
16864,1118,214,7.0,\N
16865,1118,131,11.0,\N
16866,1118,213,5.0,\N
16867,1118,3,0.0,\N
16868,1118,210,0.0,\N
16869,1118,51,0.0,\N
16870,1119,9,40.0,\N
16871,1119,6,26.0,\N
16872,1119,214,12.0,\N
16873,1119,117,12.0,\N
16874,1119,131,10.0,\N
16875,1119,1,2.0,\N
16876,1119,3,0.0,\N
16877,1119,210,0.0,\N
16878,1119,213,0.0,\N
16879,1119,51,0.0,\N
16884,1120,117,7.0,\N
16885,1120,213,4.0,\N
16886,1120,214,0.0,\N
16887,1120,3,0.0,\N
16888,1120,210,0.0,\N
16889,1120,51,0.0,\N
16890,1121,9,44.0,\N
16891,1121,6,27.0,\N
16892,1121,131,16.0,\N
16893,1121,1,12.0,\N
16894,1121,117,3.0,\N
16895,1121,15,0.0,\N
16896,1121,210,0.0,\N
16897,1121,215,0.0,\N
16898,1121,3,0.0,\N
16899,1121,214,0.0,\N
16900,1122,9,43.0,\N
16901,1122,6,22.0,\N
16902,1122,1,16.0,\N
16903,1122,117,10.0,\N
16904,1122,131,10.0,\N
16905,1122,210,1.0,\N
16906,1122,3,0.0,\N
16907,1122,214,0.0,\N
16908,1122,215,0.0,\N
16909,1122,15,0.0,\N
16910,1123,6,44.0,\N
16911,1123,1,27.0,\N
16912,1123,9,10.0,\N
16913,1123,117,12.0,\N
16914,1123,215,6.0,\N
16915,1123,210,3.0,\N
16916,1123,3,0.0,\N
16917,1123,214,0.0,\N
16918,1123,15,0.0,\N
16919,1123,131,0.0,\N
16920,1124,9,44.0,\N
16921,1124,6,27.0,\N
16922,1124,1,14.0,\N
16923,1124,117,8.0,\N
16924,1124,131,8.0,\N
16925,1124,215,1.0,\N
16926,1124,210,0.0,\N
16927,1124,15,0.0,\N
16928,1124,214,0.0,\N
16929,1124,3,0.0,\N
16930,1125,9,54.0,\N
16931,1125,1,27.0,\N
16932,1125,6,31.0,\N
16933,1125,131,18.0,\N
16934,1125,117,7.0,\N
16935,1125,210,1.0,\N
16936,1125,214,0.0,\N
16937,1125,3,0.0,\N
16938,1125,15,0.0,\N
16939,1125,215,0.0,\N
16940,1126,1,28.0,\N
16941,1126,9,44.0,\N
16942,1126,6,36.0,\N
16943,1126,131,12.0,\N
16944,1126,215,12.0,\N
16945,1126,117,2.0,\N
16946,1126,214,1.0,\N
16947,1126,210,2.0,\N
16948,1126,15,0.0,\N
16949,1126,3,0.0,\N
16950,1127,9,29.0,\N
16951,1127,1,30.0,\N
16952,1127,6,25.0,\N
16953,1127,131,15.0,\N
16954,1127,117,2.0,\N
16955,1127,215,1.0,\N
16956,1127,210,0.0,\N
16957,1127,214,0.0,\N
16958,1127,15,0.0,\N
16959,1127,3,0.0,\N
16960,1128,6,40.0,\N
16961,1128,1,30.0,\N
16962,1128,131,17.0,\N
16963,1128,9,8.0,\N
16964,1128,215,4.0,\N
16965,1128,3,2.0,\N
16966,1128,214,1.0,\N
16967,1128,117,0.0,\N
16968,1128,15,0.0,\N
16969,1128,210,0.0,\N
16970,1129,9,25.0,\N
16971,1129,1,28.0,\N
16972,1129,131,28.0,\N
16973,1129,117,14.0,\N
16974,1129,215,4.0,\N
16975,1129,214,3.0,\N
16976,1129,210,0.0,\N
16977,1129,15,0.0,\N
16978,1129,6,0.0,\N
16979,1129,3,0.0,\N
16980,1130,9,29.0,\N
16981,1130,1,25.0,\N
16982,1130,131,27.0,\N
16983,1130,6,18.0,\N
16984,1130,214,3.0,\N
16985,1130,210,0.0,\N
16986,1130,117,0.0,\N
16987,1130,15,0.0,\N
16988,1130,215,0.0,\N
16989,1130,3,0.0,\N
16990,1131,131,45.0,\N
16991,1131,1,31.0,\N
16992,1131,6,21.0,\N
16993,1131,9,25.0,\N
16994,1131,210,12.0,\N
16995,1131,215,2.0,\N
16996,1131,214,1.0,\N
16997,1131,117,0.0,\N
16998,1131,3,0.0,\N
16999,1131,15,0.0,\N
17000,1132,131,25.0,\N
17001,1132,9,18.0,\N
17002,1132,1,27.0,\N
17003,1132,6,11.0,\N
17004,1132,210,8.0,\N
17005,1132,117,10.0,\N
17006,1132,3,2.0,\N
17007,1132,215,1.0,\N
17008,1132,15,0.0,\N
17009,1132,214,0.0,\N
17010,1133,1,43.0,\N
17011,1133,131,20.0,\N
17012,1133,6,20.0,\N
17013,1133,9,16.0,\N
17014,1133,215,2.0,\N
17015,1133,117,1.0,\N
17016,1133,210,0.0,\N
17017,1133,3,0.0,\N
17018,1133,15,0.0,\N
17019,1133,214,0.0,\N
17020,1134,131,25.0,\N
17021,1134,1,28.0,\N
17022,1134,6,23.0,\N
17023,1134,9,19.0,\N
17024,1134,117,4.0,\N
17025,1134,214,2.0,\N
17026,1134,215,1.0,\N
17027,1134,3,0.0,\N
17028,1134,210,0.0,\N
17029,1134,15,0.0,\N
17030,1135,1,38.0,\N
17031,1135,9,26.0,\N
17032,1135,6,25.0,\N
17033,1135,131,10.0,\N
17034,1135,214,2.0,\N
17035,1135,117,1.0,\N
17036,1135,210,0.0,\N
17037,1135,215,0.0,\N
17038,1135,3,0.0,\N
17039,1135,15,0.0,\N
17040,1136,6,37.0,\N
17041,1136,1,34.0,\N
17042,1136,131,16.0,\N
17043,1136,9,12.0,\N
17044,1136,3,2.0,\N
17045,1136,210,1.0,\N
17046,1136,117,0.0,\N
17047,1136,215,0.0,\N
17048,1136,214,0.0,\N
17049,1136,15,0.0,\N
17050,1137,1,38.0,\N
17051,1137,6,18.0,\N
17052,1137,131,17.0,\N
17053,1137,9,10.0,\N
17054,1137,117,8.0,\N
17055,1137,3,10.0,\N
17056,1137,210,1.0,\N
17057,1137,214,0.0,\N
17058,1137,215,0.0,\N
17059,1137,15,0.0,\N
17060,1138,1,40.0,\N
17061,1138,9,19.0,\N
17062,1138,131,20.0,\N
17063,1138,6,16.0,\N
17064,1138,117,4.0,\N
17065,1138,210,2.0,\N
17066,1138,3,0.0,\N
17067,1138,215,0.0,\N
17068,1138,214,0.0,\N
17069,1138,15,0.0,\N
17070,1139,6,55.0,\N
17071,1139,9,29.0,\N
17072,1139,1,28.0,\N
17073,1139,131,15.0,\N
17074,1139,210,7.0,\N
17075,1139,215,2.0,\N
17076,1139,3,1.0,\N
17077,1139,214,0.0,\N
17078,1139,117,0.0,\N
17079,1139,15,0.0,\N
17080,1140,6,41.0,\N
17081,1140,1,22.0,\N
17082,1140,131,22.0,\N
17083,1140,9,8.0,\N
17084,1140,210,8.0,\N
17085,1140,214,1.0,\N
17086,1140,117,0.0,\N
17087,1140,3,0.0,\N
17088,1140,15,0.0,\N
17089,1140,215,0.0,\N
17090,1141,9,32.0,\N
17091,1141,214,35.0,\N
17092,1141,131,16.0,\N
17093,1141,6,20.0,\N
17094,1141,1,27.0,\N
17095,1141,215,8.0,\N
17096,1141,210,0.0,\N
17097,1141,15,0.0,\N
17098,1141,117,0.0,\N
17099,1141,3,0.0,\N
17100,1142,131,43.0,\N
17101,1142,6,27.0,\N
17102,1142,9,11.0,\N
17103,1142,1,15.0,\N
17104,1142,210,4.0,\N
17105,1142,215,2.0,\N
17106,1142,117,0.0,\N
17107,1142,15,0.0,\N
17108,1142,3,0.0,\N
17109,1142,214,0.0,\N
17110,1143,9,26.0,\N
17111,1143,6,35.0,\N
17112,1143,1,32.0,\N
17113,1143,131,21.0,\N
17114,1143,214,10.0,\N
17115,1143,117,6.0,\N
17116,1143,15,4.0,\N
17117,1143,210,4.0,\N
17118,1143,215,0.0,\N
17119,1143,3,0.0,\N
17120,1144,1,26.0,\N
17121,1144,6,33.0,\N
17122,1144,131,22.0,\N
17123,1144,9,8.0,\N
17124,1144,214,6.0,\N
17125,1144,210,4.0,\N
17126,1144,117,2.0,\N
17127,1144,3,0.0,\N
17128,1144,215,0.0,\N
17129,1144,15,0.0,\N
17130,1145,1,27.0,\N
17131,1145,3,10.0,\N
17132,1145,6,5.0,\N
17133,1145,9,18.0,\N
17134,1145,15,6.0,\N
17135,1145,117,8.0,\N
17136,1145,131,27.0,\N
17137,1145,210,0.0,\N
17138,1145,214,0.0,\N
17139,1145,215,0.0,\N
17140,1146,1,43.0,\N
17141,1146,3,7.0,\N
17142,1146,6,0.0,\N
17143,1146,9,12.0,\N
17144,1146,15,0.0,\N
17145,1146,117,2.0,\N
17146,1146,131,23.0,\N
17147,1146,210,14.0,\N
17148,1146,214,0.0,\N
17149,1146,215,0.0,\N
17150,1147,1,33.0,\N
17151,1147,3,2.0,\N
17152,1147,6,18.0,\N
17153,1147,9,25.0,\N
17154,1147,15,0.0,\N
17155,1147,117,0.0,\N
17156,1147,131,18.0,\N
17157,1147,210,1.0,\N
17158,1147,214,0.0,\N
17159,1147,215,4.0,\N
17160,1148,1,40.0,\N
17161,1148,3,0.0,\N
17162,1148,6,22.0,\N
17163,1148,9,10.0,\N
17164,1148,15,0.0,\N
17165,1148,117,0.0,\N
17166,1148,131,18.0,\N
17167,1148,210,5.0,\N
17168,1148,214,6.0,\N
17169,1148,215,0.0,\N
17170,1149,1,37.0,\N
17171,1149,3,6.0,\N
17172,1149,6,21.0,\N
17173,1149,9,18.0,\N
17174,1149,15,0.0,\N
17175,1149,117,0.0,\N
17176,1149,131,18.0,\N
17177,1149,210,0.0,\N
17178,1149,214,0.0,\N
17179,1149,215,1.0,\N
17180,1150,1,43.0,\N
17181,1150,3,12.0,\N
17182,1150,6,10.0,\N
17183,1150,9,13.0,\N
17184,1150,15,0.0,\N
17185,1150,117,0.0,\N
17186,1150,131,23.0,\N
17187,1150,210,0.0,\N
17188,1150,214,0.0,\N
17189,1150,215,0.0,\N
17190,1151,1,33.0,\N
17191,1151,3,14.0,\N
17192,1151,6,20.0,\N
17193,1151,9,26.0,\N
17194,1151,15,0.0,\N
17195,1151,117,0.0,\N
17196,1151,131,6.0,\N
17197,1151,210,0.0,\N
17198,1151,214,0.0,\N
17199,1151,215,2.0,\N
17200,1152,1,40.0,\N
17201,1152,3,3.0,\N
17202,1152,6,28.0,\N
17203,1152,9,12.0,\N
17204,1152,15,0.0,\N
17205,1152,117,0.0,\N
17206,1152,131,0.0,\N
17207,1152,210,6.0,\N
17208,1152,214,0.0,\N
17209,1152,215,12.0,\N
17210,1153,1,43.0,\N
17211,1153,3,0.0,\N
17212,1153,6,23.0,\N
17213,1153,9,1.0,\N
17214,1153,15,10.0,\N
17215,1153,117,2.0,\N
17216,1153,131,12.0,\N
17217,1153,210,0.0,\N
17218,1153,214,4.0,\N
17219,1153,215,6.0,\N
17220,1154,1,12.0,\N
17221,1154,3,1.0,\N
17222,1154,6,18.0,\N
17223,1154,9,18.0,\N
17224,1154,15,4.0,\N
17225,1154,117,6.0,\N
17226,1154,131,40.0,\N
17227,1154,210,2.0,\N
17228,1154,214,0.0,\N
17229,1154,215,0.0,\N
17230,1155,1,43.0,\N
17231,1155,3,0.0,\N
17232,1155,6,27.0,\N
17233,1155,9,0.0,\N
17234,1155,15,6.0,\N
17235,1155,117,6.0,\N
17236,1155,131,10.0,\N
17237,1155,210,1.0,\N
17238,1155,214,0.0,\N
17239,1155,215,8.0,\N
17240,1156,1,43.0,\N
17241,1156,3,4.0,\N
17242,1156,6,12.0,\N
17243,1156,9,10.0,\N
17244,1156,15,15.0,\N
17245,1156,117,8.0,\N
17246,1156,131,1.0,\N
17247,1156,210,0.0,\N
17248,1156,214,8.0,\N
17249,1156,215,0.0,\N
17250,1157,1,43.0,\N
17251,1157,3,8.0,\N
17252,1157,6,21.0,\N
17253,1157,9,12.0,\N
17254,1157,15,2.0,\N
17255,1157,117,0.0,\N
17256,1157,131,10.0,\N
17257,1157,210,0.0,\N
17258,1157,214,1.0,\N
17259,1157,215,4.0,\N
17260,1158,1,43.0,\N
17261,1158,3,0.0,\N
17262,1158,6,12.0,\N
17263,1158,9,2.0,\N
17264,1158,15,8.0,\N
17265,1158,117,16.0,\N
17266,1158,131,16.0,\N
17267,1158,210,0.0,\N
17268,1158,214,0.0,\N
17269,1158,215,4.0,\N
17270,1159,1,25.0,\N
17271,1159,3,10.0,\N
17272,1159,6,0.0,\N
17273,1159,9,20.0,\N
17274,1159,15,0.0,\N
17275,1159,117,10.0,\N
17276,1159,131,12.0,\N
17277,1159,210,9.0,\N
17278,1159,214,0.0,\N
17279,1159,215,15.0,\N
17280,1160,1,33.0,\N
17281,1160,3,6.0,\N
17282,1160,6,20.0,\N
17283,1160,9,25.0,\N
17284,1160,15,4.0,\N
17285,1160,117,0.0,\N
17286,1160,131,12.0,\N
17287,1160,210,0.0,\N
17288,1160,214,0.0,\N
17289,1160,215,1.0,\N
17290,1161,1,6.0,\N
17291,1161,3,15.0,\N
17292,1161,6,6.0,\N
17293,1161,9,33.0,\N
17294,1161,15,0.0,\N
17295,1161,117,0.0,\N
17296,1161,131,30.0,\N
17297,1161,210,0.0,\N
17298,1161,214,0.0,\N
17299,1161,215,11.0,\N
17300,1162,1,27.0,\N
17301,1162,3,1.0,\N
17302,1162,6,12.0,\N
17303,1162,9,18.0,\N
17304,1162,15,0.0,\N
17305,1162,117,6.0,\N
17306,1162,131,35.0,\N
17307,1162,210,2.0,\N
17308,1162,214,0.0,\N
17309,1162,215,0.0,\N
17310,1163,1,28.0,\N
17311,1163,3,0.0,\N
17312,1163,6,27.0,\N
17313,1163,9,31.0,\N
17314,1163,15,4.0,\N
17315,1163,117,1.0,\N
17316,1163,131,8.0,\N
17317,1163,210,2.0,\N
17318,1163,214,0.0,\N
17319,1163,215,0.0,\N
17320,1164,1,35.0,\N
17321,1164,3,0.0,\N
17322,1164,6,22.0,\N
17323,1164,9,15.0,\N
17324,1164,15,1.0,\N
17325,1164,117,0.0,\N
17326,1164,131,14.0,\N
17327,1164,210,14.0,\N
17328,1164,214,0.0,\N
17329,1164,215,0.0,\N
17330,1165,1,35.0,\N
17331,1165,3,0.0,\N
17332,1165,6,0.0,\N
17333,1165,9,15.0,\N
17334,1165,15,2.0,\N
17335,1165,117,0.0,\N
17336,1165,131,30.0,\N
17337,1165,210,8.0,\N
17338,1165,214,1.0,\N
17339,1165,215,10.0,\N
17340,1166,1,0.0,\N
17341,1166,3,10.0,\N
17342,1166,6,16.0,\N
17343,1166,9,25.0,\N
17344,1166,15,6.0,\N
17345,1166,117,0.0,\N
17346,1166,131,33.0,\N
17347,1166,210,3.0,\N
17348,1166,214,0.0,\N
17349,1166,215,8.0,\N
17350,1167,1,30.0,\N
17351,1167,3,15.0,\N
17352,1167,6,4.0,\N
17353,1167,9,26.0,\N
17354,1167,15,0.0,\N
17355,1167,117,6.0,\N
17356,1167,131,18.0,\N
17357,1167,210,0.0,\N
17358,1167,214,0.0,\N
17359,1167,215,2.0,\N
