driverId,year,driverRef,forename,surname,driver_nationality,races_count,finished_races,finish_rate,dnf_count,dnf_rate,mech_dnf_count,mech_dnf_rate,crash_dnf_count,crash_dnf_rate,other_dnf_count,other_dnf_rate,reliability_rate,win_count,podiums,top10_finishes,total_points,points_per_race,avg_finish_position,std_finish_position,consistency_index,performance_score
1,2015,hamilton,Lewis,Hamilton,British,0.0,0.0,0.0,0.0,0.0,0.0,0.0,0.0,0.0,0.0,0.0,0.0,0,0,0,0.0,0.0,,,1.0,0.0
1,2016,hamilton,Lewis,Hamilton,British,19.0,18.0,0.9473684210526315,1.0,0.05263157894736842,1.0,0.05263157894736842,0.0,0.0,0.0,0.0,0.9473684210526316,10,17,18,381.0,20.05263157894737,1.631578947368421,1.223047372486553,0.4498329690929917,18.997229916897506
1,2017,hamilton,Lewis,Hamilton,British,40.0,37.0,0.925,3.0,0.075,2.0,0.05,1.0,0.025,0.0,0.0,0.95,20,34,37,761.0,19.025,1.775,1.4575235847148411,0.4069136940209813,17.598125
1,2018,hamilton,Lewis,Hamilton,British,60.0,57.0,0.95,3.0,0.05,2.0,0.03333333333333333,1.0,0.016666666666666666,0.0,0.0,0.9666666666666667,29,47,57,1124.0,18.733333333333334,2.0833333333333335,1.8008485654145254,0.3570346545501292,17.796666666666667
1,2019,hamilton,Lewis,Hamilton,British,81.0,77.0,0.9506172839506173,4.0,0.04938271604938271,3.0,0.037037037037037035,1.0,0.012345679012345678,0.0,0.0,0.962962962962963,40,64,77,1532.0,18.91358024691358,2.0246913580246915,1.684902522307567,0.37245300031992956,17.979576284103032
1,2020,hamilton,Lewis,Hamilton,British,102.0,98.0,0.9607843137254902,4.0,0.0392156862745098,3.0,0.029411764705882353,1.0,0.00980392156862745,0.0,0.0,0.9705882352941176,51,81,98,1945.0,19.068627450980394,2.0980392156862746,1.7960184937340369,0.3576514254970168,18.32083813917724
1,2021,hamilton,Lewis,Hamilton,British,118.0,114.0,0.9661016949152542,4.0,0.03389830508474576,3.0,0.025423728813559324,1.0,0.00847457627118644,0.0,0.0,0.9745762711864406,62,95,114,2292.0,19.423728813559322,2.0677966101694913,1.7742451895188789,0.3604584064083478,18.76529732835392
1,2022,hamilton,Lewis,Hamilton,British,140.0,135.0,0.9642857142857143,5.0,0.03571428571428571,3.0,0.02142857142857143,2.0,0.014285714285714285,0.0,0.0,0.9785714285714285,70,112,134,2677.5,19.125,2.157142857142857,2.0503359605246185,0.3278327413574513,18.441964285714285
1,2023,hamilton,Lewis,Hamilton,British,162.0,156.0,0.9629629629629629,6.0,0.037037037037037035,3.0,0.018518518518518517,3.0,0.018518518518518517,0.0,0.0,0.9814814814814815,70,121,153,2910.5,17.96604938271605,2.5617283950617282,2.6409438969753785,0.2746540535356023,17.30064014631916
1,2024,hamilton,Lewis,Hamilton,British,184.0,177.0,0.9619565217391305,7.0,0.03804347826086957,3.0,0.016304347826086956,4.0,0.021739130434782608,0.0,0.0,0.9836956521739131,70,127,173,3127.5,16.997282608695652,2.7880434782608696,2.6852391356266474,0.27135281136374817,16.350646857277884
1,2025,hamilton,Lewis,Hamilton,British,208.0,199.0,0.9567307692307693,9.0,0.04326923076923077,4.0,0.019230769230769232,5.0,0.02403846153846154,0.0,0.0,0.9807692307692307,72,132,194,3334.5,16.03125,3.0865384615384617,2.8810073589574294,0.2576650615443909,15.33759014423077
3,2015,rosberg,Nico,Rosberg,German,231.0,219.0,0.948051948051948,12.0,0.05194805194805195,4.0,0.017316017316017316,7.0,0.030303030303030304,1.0,0.004329004329004329,0.9826839826839827,72,132,212,3465.5,15.002164502164502,3.6277056277056277,3.5001438956089115,0.2222151164934451,14.222831281272839
3,2016,rosberg,Nico,Rosberg,German,19.0,18.0,0.9473684210526315,1.0,0.05263157894736842,1.0,0.05263157894736842,0.0,0.0,0.0,0.0,0.9473684210526316,6,15,17,322.0,16.94736842105263,2.8947368421052633,3.7119258278958855,0.2122274493540894,16.05540166204986
4,2015,alonso,Fernando,Alonso,Spanish,40.0,38.0,0.95,2.0,0.05,1.0,0.025,1.0,0.025,0.0,0.0,0.975,15,31,37,707.0,17.675,2.5,2.8460498941515415,0.2600070273452875,16.79125
4,2016,alonso,Fernando,Alonso,Spanish,18.0,10.0,0.5555555555555556,8.0,0.4444444444444444,4.0,0.2222222222222222,1.0,0.05555555555555555,1.0,0.05555555555555555,0.7777777777777778,0,0,2,11.0,0.6111111111111112,7.444444444444445,6.508304286936653,0.1331858648483191,0.33950617283950624
4,2017,alonso,Fernando,Alonso,Spanish,38.0,27.0,0.7105263157894737,11.0,0.2894736842105263,6.0,0.15789473684210525,2.0,0.05263157894736842,1.0,0.02631578947368421,0.8421052631578947,0,0,11,65.0,1.7105263157894737,8.078947368421053,5.814598592052903,0.14674378637153876,1.2153739612188366
4,2018,alonso,Fernando,Alonso,Spanish,57.0,38.0,0.6666666666666666,19.0,0.3333333333333333,12.0,0.21052631578947367,4.0,0.07017543859649122,1.0,0.017543859649122806,0.7894736842105263,0,0,16,82.0,1.4385964912280702,7.543859649122807,5.938486355194221,0.14412365302864505,0.9590643274853801
4,2021,alonso,Fernando,Alonso,Spanish,78.0,53.0,0.6794871794871795,25.0,0.32051282051282054,16.0,0.20512820512820512,6.0,0.07692307692307693,1.0,0.01282051282051282,0.7948717948717949,0,0,25,132.0,1.6923076923076923,7.4743589743589745,5.869793074967148,0.14556479199408523,1.1499013806706115
4,2022,alonso,Fernando,Alonso,Spanish,100.0,73.0,0.73,27.0,0.27,18.0,0.18,6.0,0.06,1.0,0.01,0.8200000000000001,0,1,40,213.0,2.13,7.64,5.561510586162719,0.1524039299896667,1.5549
4,2023,alonso,Fernando,Alonso,Spanish,122.0,89.0,0.7295081967213115,33.0,0.27049180327868855,23.0,0.1885245901639344,7.0,0.05737704918032787,1.0,0.00819672131147541,0.8114754098360656,0,1,54,294.0,2.4098360655737703,7.467213114754099,5.468515586982805,0.15459497415641898,1.7579951625907013
4,2024,alonso,Fernando,Alonso,Spanish,144.0,109.0,0.7569444444444444,35.0,0.24305555555555555,24.0,0.16666666666666666,7.0,0.04861111111111111,2.0,0.013888888888888888,0.8333333333333334,0,9,73,492.0,3.4166666666666665,7.104166666666667,5.284567087809138,0.1591199498752761,2.5862268518518516
4,2025,alonso,Fernando,Alonso,Spanish,168.0,132.0,0.7857142857142857,36.0,0.21428571428571427,25.0,0.1488095238095238,7.0,0.041666666666666664,2.0,0.011904761904761904,0.8511904761904762,0,9,87,562.0,3.3452380952380953,7.434523809523809,5.181974114719561,0.1617606255611706,2.628401360544218
8,2015,raikkonen,Kimi,Räikkönen,Finnish,191.0,150.0,0.7853403141361257,41.0,0.21465968586387435,29.0,0.1518324607329843,8.0,0.041884816753926704,2.0,0.010471204188481676,0.8481675392670157,0,9,96,605.0,3.167539267015707,8.0,5.311254473640821,0.15844710495774425,2.4875962829966287
8,2016,raikkonen,Kimi,Räikkönen,Finnish,19.0,14.0,0.7368421052631579,5.0,0.2631578947368421,2.0,0.10526315789473684,2.0,0.10526315789473684,0.0,0.0,0.8947368421052632,0,3,14,150.0,7.894736842105263,3.526315789473684,2.6030027408164713,0.27754627790635306,5.817174515235457
8,2017,raikkonen,Kimi,Räikkönen,Finnish,40.0,31.0,0.775,9.0,0.225,4.0,0.1,4.0,0.1,0.0,0.0,0.9,0,7,31,336.0,8.4,3.675,2.5038720015208447,0.28539855324793634,6.510000000000001
8,2018,raikkonen,Kimi,Räikkönen,Finnish,60.0,48.0,0.8,12.0,0.2,4.0,0.06666666666666667,6.0,0.1,0.0,0.0,0.9333333333333333,0,14,47,541.0,9.016666666666667,3.716666666666667,2.6588949250059173,0.2733065640026224,7.213333333333335
8,2019,raikkonen,Kimi,Räikkönen,Finnish,81.0,65.0,0.8024691358024691,16.0,0.19753086419753085,8.0,0.09876543209876543,6.0,0.07407407407407407,0.0,0.0,0.9012345679012346,1,26,64,792.0,9.777777777777779,3.432098765432099,2.4891779177661792,0.2866004610737116,7.846364883401921
8,2020,raikkonen,Kimi,Räikkönen,Finnish,102.0,84.0,0.8235294117647058,18.0,0.17647058823529413,9.0,0.08823529411764706,7.0,0.06862745098039216,0.0,0.0,0.9117647058823529,1,26,73,835.0,8.186274509803921,4.754901960784314,4.010858483504752,0.199566601869101,6.741637831603229
8,2021,raikkonen,Kimi,Räikkönen,Finnish,119.0,100.0,0.8403361344537815,19.0,0.15966386554621848,10.0,0.08403361344537816,7.0,0.058823529411764705,0.0,0.0,0.9159663865546218,1,26,75,839.0,7.050420168067227,5.823529411764706,4.757386223306489,0.17368992824415663,5.924722830308594
9,2019,kubica,Robert,Kubica,Polish,139.0,118.0,0.8489208633093526,21.0,0.1510791366906475,11.0,0.07913669064748201,8.0,0.05755395683453238,0.0,0.0,0.920863309352518,1,26,79,849.0,6.107913669064748,6.60431654676259,5.097070261661705,0.16401319930458838,5.1851353449614415
9,2021,kubica,Robert,Kubica,Polish,21.0,19.0,0.9047619047619048,2.0,0.09523809523809523,2.0,0.09523809523809523,0.0,0.0,0.0,0.0,0.9047619047619048,0,0,1,1.0,0.047619047619047616,15.333333333333334,5.339282396346578,0.15774656143671953,0.043083900226757364
13,2015,massa,Felipe,Massa,Brazilian,23.0,21.0,0.9130434782608695,2.0,0.08695652173913043,2.0,0.08695652173913043,0.0,0.0,0.0,0.0,0.9130434782608696,0,0,1,1.0,0.043478260869565216,15.26086956521739,5.10938940710351,0.16368247845476666,0.03969754253308128
13,2016,massa,Felipe,Massa,Brazilian,19.0,17.0,0.8947368421052632,2.0,0.10526315789473684,1.0,0.05263157894736842,0.0,0.0,1.0,0.05263157894736842,0.9473684210526316,0,2,13,121.0,6.368421052631579,6.052631578947368,4.570773102988462,0.17950829831205048,5.698060941828254
13,2017,massa,Felipe,Massa,Brazilian,40.0,34.0,0.85,6.0,0.15,3.0,0.075,1.0,0.025,2.0,0.05,0.925,0,2,26,174.0,4.35,7.35,4.942418436352795,0.16828165345652732,3.6975
18,2015,button,Jenson,Button,British,59.0,51.0,0.864406779661017,8.0,0.13559322033898305,4.0,0.06779661016949153,2.0,0.03389830508474576,2.0,0.03389830508474576,0.9322033898305084,0,2,39,217.0,3.6779661016949152,7.677966101694915,4.548945409414578,0.18021442386211933,3.179258833668486
18,2016,button,Jenson,Button,British,19.0,13.0,0.6842105263157895,6.0,0.3157894736842105,2.0,0.10526315789473684,1.0,0.05263157894736842,2.0,0.10526315789473684,0.8947368421052632,0,0,4,16.0,0.8421052631578947,8.263157894736842,6.163065755075555,0.13960502865570193,0.5761772853185595
18,2017,button,Jenson,Button,British,40.0,28.0,0.7,12.0,0.3,7.0,0.175,2.0,0.05,2.0,0.05,0.825,0,0,11,37.0,0.925,8.125,5.916872062162575,0.14457402002131983,0.6475
20,2015,vettel,Sebastian,Vettel,German,41.0,28.0,0.6829268292682927,13.0,0.3170731707317073,7.0,0.17073170731707318,3.0,0.07317073170731707,2.0,0.04878048780487805,0.8292682926829268,0,0,11,37.0,0.9024390243902439,7.926829268292683,5.977152613167459,0.1433249429162227,0.6162998215348008
20,2016,vettel,Sebastian,Vettel,German,19.0,18.0,0.9473684210526315,1.0,0.05263157894736842,0.0,0.0,1.0,0.05263157894736842,0.0,0.0,1.0,3,13,17,278.0,14.631578947368421,3.1578947368421053,2.455137639934863,0.289424070532499,13.861495844875346
20,2017,vettel,Sebastian,Vettel,German,40.0,35.0,0.875,5.0,0.125,1.0,0.025,3.0,0.075,0.0,0.0,0.975,3,20,34,490.0,12.25,3.225,2.3290287675337975,0.30038791185959546,10.71875
20,2018,vettel,Sebastian,Vettel,German,60.0,53.0,0.8833333333333333,7.0,0.11666666666666667,1.0,0.016666666666666666,4.0,0.06666666666666667,0.0,0.0,0.9833333333333333,8,33,52,807.0,13.45,2.9166666666666665,2.1701894438555875,0.31543856217747007,11.880833333333332
20,2019,vettel,Sebastian,Vettel,German,81.0,73.0,0.9012345679012346,8.0,0.09876543209876543,1.0,0.012345679012345678,5.0,0.06172839506172839,0.0,0.0,0.9876543209876543,13,45,72,1127.0,13.91358024691358,2.9382716049382718,2.127687430703572,0.31972504355240206,12.539399481786313
20,2020,vettel,Sebastian,Vettel,German,102.0,92.0,0.9019607843137255,10.0,0.09803921568627451,3.0,0.029411764705882353,5.0,0.049019607843137254,0.0,0.0,0.9705882352941176,14,54,88,1367.0,13.401960784313726,3.284313725490196,2.915063820578703,0.2554236778322008,12.0880430603614
20,2021,vettel,Sebastian,Vettel,German,119.0,107.0,0.8991596638655462,12.0,0.10084033613445378,4.0,0.03361344537815126,6.0,0.05042016806722689,0.0,0.0,0.9663865546218487,14,55,95,1400.0,11.764705882352942,4.126050420168068,3.7697482738079433,0.20965466993117582,10.578348986653486
20,2022,vettel,Sebastian,Vettel,German,141.0,127.0,0.900709219858156,14.0,0.09929078014184398,4.0,0.028368794326241134,7.0,0.04964539007092199,1.0,0.0070921985815602835,0.9716312056737588,14,56,102,1443.0,10.23404255319149,4.971631205673759,4.503652201799211,0.18169752799297306,9.217896484080278
154,2015,grosjean,Romain,Grosjean,French,161.0,145.0,0.9006211180124224,16.0,0.09937888198757763,5.0,0.031055900621118012,8.0,0.049689440993788817,1.0,0.006211180124223602,0.968944099378882,14,56,112,1480.0,9.192546583850932,5.53416149068323,4.728703229722745,0.17455957481120862,8.279001581729101
154,2016,grosjean,Romain,Grosjean,French,19.0,13.0,0.6842105263157895,6.0,0.3157894736842105,2.0,0.10526315789473684,3.0,0.15789473684210525,1.0,0.05263157894736842,0.8947368421052632,0,1,10,51.0,2.6842105263157894,5.894736842105263,4.517739733447355,0.18123362976658983,1.8365650969529086
154,2017,grosjean,Romain,Grosjean,French,40.0,29.0,0.725,11.0,0.275,4.0,0.1,3.0,0.075,4.0,0.1,0.9,0,1,15,80.0,2.0,7.5,5.621387729022078,0.1510257427784993,1.45
154,2018,grosjean,Romain,Grosjean,French,60.0,46.0,0.7666666666666667,14.0,0.23333333333333334,6.0,0.1,4.0,0.06666666666666667,4.0,0.06666666666666667,0.9,0,1,23,108.0,1.8,8.116666666666667,5.410149926039224,0.1560025914429573,1.3800000000000001
154,2019,grosjean,Romain,Grosjean,French,81.0,62.0,0.7654320987654321,19.0,0.2345679012345679,7.0,0.08641975308641975,8.0,0.09876543209876543,4.0,0.04938271604938271,0.9135802469135803,0,1,30,145.0,1.7901234567901234,8.012345679012345,5.520989862849887,0.15335095147088101,1.3702179545800943
154,2020,grosjean,Romain,Grosjean,French,102.0,76.0,0.7450980392156863,26.0,0.2549019607843137,10.0,0.09803921568627451,10.0,0.09803921568627451,6.0,0.058823529411764705,0.9019607843137255,0,1,33,153.0,1.5,8.333333333333334,5.799481608566801,0.1470700352715243,1.1176470588235294
807,2015,hulkenberg,Nico,Hülkenberg,German,117.0,88.0,0.7521367521367521,29.0,0.24786324786324787,11.0,0.09401709401709402,12.0,0.10256410256410256,6.0,0.05128205128205128,0.905982905982906,0,1,34,155.0,1.3247863247863247,8.76923076923077,5.979144116472605,0.14328404505070164,0.9964204835999707
807,2016,hulkenberg,Nico,Hülkenberg,German,19.0,13.0,0.6842105263157895,6.0,0.3157894736842105,3.0,0.15789473684210525,3.0,0.15789473684210525,0.0,0.0,0.8421052631578947,0,0,9,58.0,3.0526315789473686,6.0,4.834089475033699,0.1714063530015065,2.0886426592797784
807,2017,hulkenberg,Nico,Hülkenberg,German,40.0,30.0,0.75,10.0,0.25,4.0,0.1,6.0,0.15,0.0,0.0,0.9,0,0,23,130.0,3.25,6.7,4.905099387372289,0.169345159903395,2.4375
807,2018,hulkenberg,Nico,Hülkenberg,German,60.0,44.0,0.7333333333333333,16.0,0.26666666666666666,9.0,0.15,7.0,0.11666666666666667,0.0,0.0,0.85,0,0,31,173.0,2.8833333333333333,6.816666666666666,5.1169381035493835,0.16348048371124518,2.114444444444444
807,2019,hulkenberg,Nico,Hülkenberg,German,81.0,58.0,0.7160493827160493,23.0,0.2839506172839506,12.0,0.14814814814814814,11.0,0.13580246913580246,0.0,0.0,0.8518518518518519,0,0,42,242.0,2.9876543209876543,6.444444444444445,4.969039949999533,0.16753112868679632,2.1393080323121474
807,2020,hulkenberg,Nico,Hülkenberg,German,102.0,77.0,0.7549019607843137,25.0,0.24509803921568626,13.0,0.12745098039215685,12.0,0.11764705882352941,0.0,0.0,0.8725490196078431,0,0,52,279.0,2.735294117647059,6.833333333333333,4.9805175991613115,0.16720960743268054,2.064878892733564
807,2022,hulkenberg,Nico,Hülkenberg,German,105.0,79.0,0.7523809523809524,26.0,0.24761904761904763,14.0,0.13333333333333333,12.0,0.11428571428571428,0.0,0.0,0.8666666666666667,0,0,54,289.0,2.7523809523809524,6.780952380952381,4.9549993078293735,0.16792613202914122,2.0708390022675736
807,2023,hulkenberg,Nico,Hülkenberg,German,107.0,81.0,0.7570093457943925,26.0,0.24299065420560748,14.0,0.1308411214953271,12.0,0.11214953271028037,0.0,0.0,0.8691588785046729,0,0,54,289.0,2.7009345794392523,6.925233644859813,5.0301909712348225,0.1658322273324665,2.044632719014761
807,2024,hulkenberg,Nico,Hülkenberg,German,129.0,102.0,0.7906976744186046,27.0,0.20930232558139536,15.0,0.11627906976744186,12.0,0.09302325581395349,0.0,0.0,0.8837209302325582,0,0,55,295.0,2.2868217054263567,8.069767441860465,5.478903934000826,0.15434709484610062,1.8081846042906076
807,2025,hulkenberg,Nico,Hülkenberg,German,153.0,123.0,0.803921568627451,30.0,0.19607843137254902,15.0,0.09803921568627451,14.0,0.0915032679738562,1.0,0.006535947712418301,0.9019607843137255,0,0,65,331.0,2.1633986928104574,8.267973856209151,5.366327520580533,0.1570764301345294,1.7392028706907599
813,2015,maldonado,Pastor,Maldonado,Venezuelan,176.0,142.0,0.8068181818181818,34.0,0.19318181818181818,17.0,0.09659090909090909,15.0,0.08522727272727272,2.0,0.011363636363636364,0.9034090909090909,0,1,73,380.0,2.159090909090909,8.880681818181818,5.556780419094591,0.1525138766410127,1.7419938016528924
814,2017,resta,Paul,di Resta,British,19.0,10.0,0.5263157894736842,9.0,0.47368421052631576,3.0,0.15789473684210525,5.0,0.2631578947368421,1.0,0.05263157894736842,0.8421052631578947,0,0,6,27.0,1.4210526315789473,5.2105263157894735,5.3565400003755475,0.15731828950040738,0.7479224376731302
815,2015,perez,Sergio,Pérez,Mexican,1.0,0.0,0.0,1.0,1.0,1.0,1.0,0.0,0.0,0.0,0.0,0.0,0,0,0,0.0,0.0,0.0,0.0,1.0,0.0
815,2016,perez,Sergio,Pérez,Mexican,19.0,18.0,0.9473684210526315,1.0,0.05263157894736842,1.0,0.05263157894736842,0.0,0.0,0.0,0.0,0.9473684210526316,0,1,12,78.0,4.105263157894737,8.105263157894736,3.4625019375575863,0.22408953855767272,3.889196675900277
815,2017,perez,Sergio,Pérez,Mexican,40.0,39.0,0.975,1.0,0.025,1.0,0.025,0.0,0.0,0.0,0.0,0.975,0,3,28,179.0,4.475,8.35,3.5675621928706454,0.21893516886554198,4.363124999999999
815,2018,perez,Sergio,Pérez,Mexican,60.0,58.0,0.9666666666666667,2.0,0.03333333333333333,1.0,0.016666666666666666,0.0,0.0,0.0,0.0,0.9833333333333333,0,3,45,279.0,4.65,8.066666666666666,3.501745596445039,0.22213605335443323,4.495
815,2019,perez,Sergio,Pérez,Mexican,81.0,77.0,0.9506172839506173,4.0,0.04938271604938271,3.0,0.037037037037037035,0.0,0.0,0.0,0.0,0.962962962962963,0,4,57,341.0,4.209876543209877,8.271604938271604,3.7680015519872176,0.2097314753564243,4.001981405273586
815,2020,perez,Sergio,Pérez,Mexican,102.0,96.0,0.9411764705882353,6.0,0.058823529411764705,4.0,0.0392156862745098,1.0,0.00980392156862745,0.0,0.0,0.9607843137254902,0,4,68,393.0,3.8529411764705883,8.411764705882353,3.8459373552770075,0.20635842494147086,3.6262975778546713
815,2021,perez,Sergio,Pérez,Mexican,117.0,110.0,0.9401709401709402,7.0,0.05982905982905983,5.0,0.042735042735042736,1.0,0.008547008547008548,0.0,0.0,0.9572649572649573,1,6,81,518.0,4.427350427350428,8.11111111111111,3.9716469011371665,0.20114059181702337,4.1624662137482655
815,2022,perez,Sergio,Pérez,Mexican,139.0,130.0,0.935251798561151,9.0,0.06474820143884892,5.0,0.03597122302158273,3.0,0.02158273381294964,0.0,0.0,0.9640287769784173,2,11,97,708.0,5.093525179856115,7.776978417266187,4.2172021231778345,0.19167361669915386,4.763728585476942
815,2023,perez,Sergio,Pérez,Mexican,161.0,150.0,0.9316770186335404,11.0,0.06832298136645963,6.0,0.037267080745341616,4.0,0.024844720496894408,0.0,0.0,0.9627329192546584,4,22,116,999.0,6.204968944099379,7.204968944099379,4.3825146818834195,0.18578676679987904,5.781026966552217
815,2024,perez,Sergio,Pérez,Mexican,183.0,170.0,0.9289617486338798,13.0,0.07103825136612021,6.0,0.03278688524590164,6.0,0.03278688524590164,0.0,0.0,0.9672131147540983,6,31,135,1259.0,6.879781420765028,6.830601092896175,4.406743859355343,0.1849542027536019,6.391053778852758
817,2015,ricciardo,Daniel,Ricciardo,Australian,207.0,190.0,0.9178743961352657,17.0,0.0821256038647343,6.0,0.028985507246376812,10.0,0.04830917874396135,0.0,0.0,0.9710144927536232,6,35,151,1397.0,6.748792270531401,6.8019323671497585,4.498458795149476,0.1818691450197209,6.194543629956358
817,2016,ricciardo,Daniel,Ricciardo,Australian,19.0,16.0,0.8421052631578947,3.0,0.15789473684210525,3.0,0.15789473684210525,0.0,0.0,0.0,0.0,0.8421052631578947,0,2,13,92.0,4.842105263157895,7.421052631578948,4.344576649155566,0.18710555870837747,4.077562326869806
817,2017,ricciardo,Daniel,Ricciardo,Australian,40.0,37.0,0.925,3.0,0.075,3.0,0.075,0.0,0.0,0.0,0.0,0.925,1,10,33,348.0,8.7,5.825,3.7609008229412275,0.21004428304436135,8.0475
817,2018,ricciardo,Daniel,Ricciardo,Australian,60.0,51.0,0.85,9.0,0.15,8.0,0.13333333333333333,1.0,0.016666666666666666,0.0,0.0,0.8666666666666667,2,19,47,548.0,9.133333333333333,4.683333333333334,3.6354351718726723,0.2157294758576053,7.763333333333333
817,2019,ricciardo,Daniel,Ricciardo,Australian,81.0,64.0,0.7901234567901234,17.0,0.20987654320987653,13.0,0.16049382716049382,2.0,0.024691358024691357,1.0,0.012345679012345678,0.8395061728395061,4,21,60,718.0,8.864197530864198,4.111111111111111,3.4712220781807357,0.22365250093032352,7.003810394756897
817,2020,ricciardo,Daniel,Ricciardo,Australian,102.0,81.0,0.7941176470588235,21.0,0.20588235294117646,14.0,0.13725490196078433,5.0,0.049019607843137254,1.0,0.00980392156862745,0.8627450980392157,4,21,68,772.0,7.568627450980392,4.647058823529412,3.9942288240035237,0.20023111379954153,6.01038062283737
817,2021,ricciardo,Daniel,Ricciardo,Australian,119.0,97.0,0.8151260504201681,22.0,0.18487394957983194,15.0,0.12605042016806722,5.0,0.04201680672268908,1.0,0.008403361344537815,0.8739495798319328,4,23,82,891.0,7.487394957983193,4.890756302521009,3.953064795414564,0.2018951984891814,6.103170680036721
817,2022,ricciardo,Daniel,Ricciardo,Australian,141.0,118.0,0.8368794326241135,23.0,0.16312056737588654,16.0,0.11347517730496454,5.0,0.03546099290780142,1.0,0.0070921985815602835,0.8865248226950355,5,24,95,1005.0,7.127659574468085,5.333333333333333,4.06274662826574,0.19752124161555232,5.964991700618681
817,2023,ricciardo,Daniel,Ricciardo,Australian,163.0,137.0,0.8404907975460123,26.0,0.15950920245398773,18.0,0.11042944785276074,6.0,0.03680981595092025,1.0,0.006134969325153374,0.8895705521472392,5,24,102,1039.0,6.374233128834356,5.969325153374233,4.536725817114592,0.18061215834616492,5.3574842861982015
817,2024,ricciardo,Daniel,Ricciardo,Australian,170.0,144.0,0.8470588235294118,26.0,0.15294117647058825,18.0,0.10588235294117647,6.0,0.03529411764705882,1.0,0.0058823529411764705,0.8941176470588236,5,24,103,1045.0,6.147058823529412,6.247058823529412,4.673846840735951,0.1762472671663253,5.206920415224913
821,2016,gutierrez,Esteban,Gutiérrez,Mexican,188.0,160.0,0.851063829787234,28.0,0.14893617021276595,18.0,0.09574468085106383,7.0,0.03723404255319149,2.0,0.010638297872340425,0.9042553191489362,5,24,106,1052.0,5.595744680851064,6.73404255319149,4.902616609037515,0.16941639043079587,4.762335898596651
822,2015,bottas,Valtteri,Bottas,Finnish,21.0,16.0,0.7619047619047619,5.0,0.23809523809523808,2.0,0.09523809523809523,1.0,0.047619047619047616,2.0,0.09523809523809523,0.9047619047619048,0,0,0,0.0,0.0,10.476190476190476,6.374196850390514,0.13560798827156928,0.0
822,2016,bottas,Valtteri,Bottas,Finnish,19.0,17.0,0.8947368421052632,2.0,0.10526315789473684,0.0,0.0,0.0,0.0,2.0,0.10526315789473684,1.0,0,2,13,136.0,7.157894736842105,6.052631578947368,4.071385180171309,0.19718478570902406,6.404432132963989
822,2017,bottas,Valtteri,Bottas,Finnish,40.0,36.0,0.9,4.0,0.1,2.0,0.05,0.0,0.0,2.0,0.05,0.95,0,3,28,221.0,5.525,6.925,4.101143133322709,0.19603449145890453,4.9725
822,2018,bottas,Valtteri,Bottas,Finnish,60.0,55.0,0.9166666666666666,5.0,0.08333333333333333,3.0,0.05,0.0,0.0,2.0,0.03333333333333333,0.95,3,16,47,526.0,8.766666666666667,5.55,3.976702989496031,0.2009362427516024,8.036111111111111
822,2019,bottas,Valtteri,Bottas,Finnish,81.0,75.0,0.9259259259259259,6.0,0.07407407407407407,4.0,0.04938271604938271,0.0,0.0,2.0,0.024691358024691357,0.9506172839506173,3,24,66,773.0,9.54320987654321,5.0246913580246915,3.6850559358602877,0.21344462343465626,8.836305441243713
822,2020,bottas,Valtteri,Bottas,Finnish,102.0,94.0,0.9215686274509803,8.0,0.0784313725490196,5.0,0.049019607843137254,1.0,0.00980392156862745,2.0,0.0196078431372549,0.9509803921568627,7,39,85,1099.0,10.77450980392157,4.490196078431373,3.5389848384873654,0.22031358014697705,9.929450211457132
822,2021,bottas,Valtteri,Bottas,Finnish,119.0,110.0,0.9243697478991597,9.0,0.07563025210084033,6.0,0.05042016806722689,1.0,0.008403361344537815,2.0,0.01680672268907563,0.9495798319327731,9,50,99,1322.0,11.109243697478991,4.428571428571429,3.5776416544873757,0.21845309779102495,10.269048795988985
822,2022,bottas,Valtteri,Bottas,Finnish,141.0,128.0,0.9078014184397163,13.0,0.09219858156028368,7.0,0.04964539007092199,4.0,0.028368794326241134,2.0,0.014184397163120567,0.950354609929078,10,61,114,1541.0,10.929078014184396,4.375886524822695,3.6408614970943476,0.2154772342648239,9.921432523514913
822,2023,bottas,Valtteri,Bottas,Finnish,163.0,145.0,0.8895705521472392,18.0,0.11042944785276074,10.0,0.06134969325153374,6.0,0.03680981595092025,2.0,0.012269938650306749,0.9386503067484663,10,61,123,1588.0,9.742331288343559,4.871165644171779,4.144842666153111,0.19436940347637832,8.666491023373105
822,2024,bottas,Valtteri,Bottas,Finnish,185.0,164.0,0.8864864864864865,21.0,0.11351351351351352,12.0,0.06486486486486487,7.0,0.03783783783783784,2.0,0.010810810810810811,0.9351351351351351,10,61,127,1598.0,8.637837837837838,5.664864864864865,4.849754310646095,0.17094735041779074,7.657326515704894
825,2015,kevin_magnussen,Kevin,Magnussen,Danish,209.0,186.0,0.8899521531100478,23.0,0.11004784688995216,12.0,0.05741626794258373,8.0,0.03827751196172249,3.0,0.014354066985645933,0.9425837320574163,10,61,127,1598.0,7.645933014354067,6.650717703349282,5.555075437945514,0.15255354564056994,6.8045145486596
825,2016,kevin_magnussen,Kevin,Magnussen,Danish,1.0,0.0,0.0,1.0,1.0,0.0,0.0,0.0,0.0,1.0,1.0,1.0,0,0,0,0.0,0.0,0.0,0.0,1.0,0.0
825,2017,kevin_magnussen,Kevin,Magnussen,Danish,22.0,17.0,0.7727272727272727,5.0,0.22727272727272727,2.0,0.09090909090909091,1.0,0.045454545454545456,2.0,0.09090909090909091,0.9090909090909091,0,0,2,7.0,0.3181818181818182,10.772727272727273,6.316873638278944,0.13667039359110997,0.2458677685950413
825,2018,kevin_magnussen,Kevin,Magnussen,Danish,42.0,32.0,0.7619047619047619,10.0,0.23809523809523808,6.0,0.14285714285714285,2.0,0.047619047619047616,2.0,0.047619047619047616,0.8571428571428572,0,0,7,26.0,0.6190476190476191,9.738095238095237,6.027948888341168,0.14228902570121474,0.47165532879818595
825,2019,kevin_magnussen,Kevin,Magnussen,Danish,63.0,51.0,0.8095238095238095,12.0,0.19047619047619047,7.0,0.1111111111111111,3.0,0.047619047619047616,2.0,0.031746031746031744,0.8888888888888888,0,0,18,82.0,1.3015873015873016,9.380952380952381,5.716666170841492,0.14888338568041648,1.053665910808768
825,2020,kevin_magnussen,Kevin,Magnussen,Danish,84.0,70.0,0.8333333333333334,14.0,0.16666666666666666,8.0,0.09523809523809523,4.0,0.047619047619047616,2.0,0.023809523809523808,0.9047619047619048,0,0,22,102.0,1.2142857142857142,10.023809523809524,5.6987387712340745,0.14928183261813852,1.0119047619047619
825,2022,kevin_magnussen,Kevin,Magnussen,Danish,101.0,81.0,0.801980198019802,20.0,0.19801980198019803,10.0,0.09900990099009901,6.0,0.0594059405940594,4.0,0.039603960396039604,0.900990099009901,0,0,23,103.0,1.0198019801980198,9.94059405940594,6.004654600792306,0.1427622141264308,0.8178609940201942
825,2023,kevin_magnussen,Kevin,Magnussen,Danish,123.0,99.0,0.8048780487804879,24.0,0.1951219512195122,12.0,0.0975609756097561,8.0,0.06504065040650407,4.0,0.032520325203252036,0.9024390243902439,0,0,29,124.0,1.008130081300813,10.089430894308943,6.0310957492218025,0.14222534234591805,0.8114217727543129
825,2024,kevin_magnussen,Kevin,Magnussen,Danish,145.0,116.0,0.8,29.0,0.2,13.0,0.0896551724137931,12.0,0.08275862068965517,4.0,0.027586206896551724,0.9103448275862069,0,0,32,127.0,0.8758620689655172,10.406896551724138,6.122312558034258,0.14040383539079024,0.7006896551724138
826,2015,kvyat,Daniil,Kvyat,Russian,167.0,137.0,0.8203592814371258,30.0,0.17964071856287425,13.0,0.07784431137724551,13.0,0.07784431137724551,4.0,0.023952095808383235,0.9221556886227544,0,0,37,141.0,0.844311377245509,10.676646706586826,5.953180060041824,0.1438190858520619,0.6926386747463158
826,2016,kvyat,Daniil,Kvyat,Russian,19.0,16.0,0.8421052631578947,3.0,0.15789473684210525,1.0,0.05263157894736842,1.0,0.05263157894736842,1.0,0.05263157894736842,0.9473684210526316,0,1,14,95.0,5.0,6.315789473684211,3.9477192826524576,0.2021133259330556,4.2105263157894735
826,2017,kvyat,Daniil,Kvyat,Russian,40.0,31.0,0.775,9.0,0.225,3.0,0.075,2.0,0.05,3.0,0.075,0.925,0,2,19,120.0,3.0,7.5,5.403702434442518,0.156159660795834,2.325
826,2019,kvyat,Daniil,Kvyat,Russian,55.0,42.0,0.7636363636363637,13.0,0.23636363636363636,5.0,0.09090909090909091,3.0,0.05454545454545454,3.0,0.05454545454545454,0.9090909090909091,0,2,22,125.0,2.272727272727273,7.8545454545454545,5.495181961808766,0.1539602748437123,1.7355371900826448
826,2020,kvyat,Daniil,Kvyat,Russian,76.0,60.0,0.7894736842105263,16.0,0.21052631578947367,6.0,0.07894736842105263,5.0,0.06578947368421052,3.0,0.039473684210526314,0.9210526315789473,0,3,32,162.0,2.1315789473684212,8.210526315789474,5.341781167249474,0.1576844065771691,1.6828254847645432
828,2015,ericsson,Marcus,Ericsson,Swedish,93.0,76.0,0.8172043010752689,17.0,0.1827956989247312,6.0,0.06451612903225806,6.0,0.06451612903225806,3.0,0.03225806451612903,0.935483870967742,0,3,39,194.0,2.086021505376344,8.53763440860215,5.181769407154624,0.16176598221904318,1.7047057463290554
828,2016,ericsson,Marcus,Ericsson,Swedish,19.0,16.0,0.8421052631578947,3.0,0.15789473684210525,0.0,0.0,2.0,0.10526315789473684,1.0,0.05263157894736842,1.0,0,0,5,9.0,0.47368421052631576,10.157894736842104,4.836953781426543,0.17132224058070258,0.39889196675900274
828,2017,ericsson,Marcus,Ericsson,Swedish,40.0,32.0,0.8,8.0,0.2,3.0,0.075,4.0,0.1,1.0,0.025,0.925,0,0,5,9.0,0.225,10.8,5.912698199637791,0.14466131329911056,0.18000000000000002
828,2018,ericsson,Marcus,Ericsson,Swedish,60.0,46.0,0.7666666666666667,14.0,0.23333333333333334,6.0,0.1,7.0,0.11666666666666667,1.0,0.016666666666666666,0.9,0,0,5,9.0,0.15,10.65,6.302975487815258,0.13693048835621352,0.115
829,2015,stevens,Will,Stevens,British,81.0,63.0,0.7777777777777778,18.0,0.2222222222222222,8.0,0.09876543209876543,9.0,0.1111111111111111,1.0,0.012345679012345678,0.9012345679012346,0,0,11,18.0,0.2222222222222222,10.382716049382717,6.029900601589636,0.1422495219596526,0.1728395061728395
830,2015,max_verstappen,Max,Verstappen,Dutch,18.0,15.0,0.8333333333333334,3.0,0.16666666666666666,2.0,0.1111111111111111,0.0,0.0,1.0,0.05555555555555555,0.8888888888888888,0,0,0,0.0,0.0,13.38888888888889,6.13857465259095,0.14008398716360687,0.0
830,2016,max_verstappen,Max,Verstappen,Dutch,19.0,15.0,0.7894736842105263,4.0,0.21052631578947367,2.0,0.10526315789473684,2.0,0.10526315789473684,0.0,0.0,0.8947368421052632,0,0,10,49.0,2.5789473684210527,7.7368421052631575,5.199616435885671,0.16130030145278512,2.03601108033241
830,2017,max_verstappen,Max,Verstappen,Dutch,40.0,33.0,0.825,7.0,0.175,4.0,0.1,3.0,0.075,0.0,0.0,0.9,1,7,27,253.0,6.325,5.875,4.605363720706542,0.178400555222838,5.218125
830,2018,max_verstappen,Max,Verstappen,Dutch,60.0,46.0,0.7666666666666667,14.0,0.23333333333333334,8.0,0.13333333333333333,6.0,0.1,0.0,0.0,0.8666666666666667,3,11,40,421.0,7.016666666666667,4.833333333333333,4.3288438281934924,0.1876579671390005,5.379444444444445
830,2019,max_verstappen,Max,Verstappen,Dutch,81.0,63.0,0.7777777777777778,18.0,0.2222222222222222,11.0,0.13580246913580246,7.0,0.08641975308641975,0.0,0.0,0.8641975308641976,5,22,57,670.0,8.271604938271604,4.308641975308642,3.995806367448167,0.2001678861126067,6.433470507544581
830,2020,max_verstappen,Max,Verstappen,Dutch,102.0,82.0,0.803921568627451,20.0,0.19607843137254902,12.0,0.11764705882352941,8.0,0.0784313725490196,0.0,0.0,0.8823529411764706,8,31,76,948.0,9.294117647058824,4.078431372549019,3.696013418058266,0.21294658063679162,7.471741637831604
830,2021,max_verstappen,Max,Verstappen,Dutch,119.0,94.0,0.7899159663865546,25.0,0.21008403361344538,15.0,0.12605042016806722,10.0,0.08403361344537816,0.0,0.0,0.8739495798319328,10,42,88,1162.0,9.764705882352942,3.7394957983193278,3.567976581851093,0.21891530792278435,7.713297083539298
830,2022,max_verstappen,Max,Verstappen,Dutch,141.0,113.0,0.8014184397163121,28.0,0.19858156028368795,15.0,0.10638297872340426,13.0,0.09219858156028368,0.0,0.0,0.8936170212765957,20,60,107,1550.5,10.99645390070922,3.404255319148936,3.4394019012552506,0.22525556871011113,8.812760927518736
830,2023,max_verstappen,Max,Verstappen,Dutch,163.0,134.0,0.8220858895705522,29.0,0.17791411042944785,16.0,0.09815950920245399,13.0,0.07975460122699386,0.0,0.0,0.901840490797546,35,77,127,1983.5,12.168711656441717,3.3067484662576687,3.5400102047330613,0.2202638220851305,10.003726147013436
830,2024,max_verstappen,Max,Verstappen,Dutch,185.0,156.0,0.8432432432432433,29.0,0.15675675675675677,16.0,0.08648648648648649,13.0,0.07027027027027027,0.0,0.0,0.9135135135135135,54,98,149,2513.5,13.586486486486486,3.0648648648648646,3.400494098932335,0.22724720849929647,11.456712929145361
830,2025,max_verstappen,Max,Verstappen,Dutch,209.0,179.0,0.8564593301435407,30.0,0.14354066985645933,17.0,0.08133971291866028,13.0,0.06220095693779904,0.0,0.0,0.9186602870813397,63,112,172,2912.5,13.935406698564593,3.0382775119617227,3.2750278715380032,0.23391660359871186,11.935109086330442
831,2015,nasr,Felipe,Nasr,Brazilian,232.0,201.0,0.8663793103448276,31.0,0.1336206896551724,17.0,0.07327586206896551,14.0,0.0603448275862069,0.0,0.0,0.9267241379310345,70,126,194,3276.5,14.122844827586206,3.1120689655172415,3.3470819811213475,0.23003936993662263,12.235740561831154
831,2016,nasr,Felipe,Nasr,Brazilian,19.0,17.0,0.8947368421052632,2.0,0.10526315789473684,2.0,0.10526315789473684,0.0,0.0,0.0,0.0,0.8947368421052632,0,0,6,27.0,1.4210526315789473,9.105263157894736,4.73391722563555,0.17440084337617195,1.2714681440443214
832,2015,sainz,Carlos,Sainz,Spanish,40.0,34.0,0.85,6.0,0.15,4.0,0.1,1.0,0.025,1.0,0.025,0.9,0,0,7,29.0,0.725,10.8,5.904235767650203,0.14483862278943313,0.61625
832,2016,sainz,Carlos,Sainz,Spanish,19.0,12.0,0.631578947368421,7.0,0.3684210526315789,6.0,0.3157894736842105,0.0,0.0,1.0,0.05263157894736842,0.6842105263157895,0,0,7,18.0,0.9473684210526315,6.421052631578948,5.112582924034059,0.1635969625979389,0.5983379501385041
832,2017,sainz,Carlos,Sainz,Spanish,40.0,29.0,0.725,11.0,0.275,8.0,0.2,1.0,0.025,2.0,0.05,0.8,0,0,17,64.0,1.6,7.45,5.229483722127834,0.160526946470361,1.16
832,2018,sainz,Carlos,Sainz,Spanish,60.0,41.0,0.6833333333333333,19.0,0.31666666666666665,12.0,0.2,5.0,0.08333333333333333,2.0,0.03333333333333333,0.8,0,0,27,118.0,1.9666666666666666,6.616666666666666,5.131899150303803,0.16308161231752405,1.343888888888889
832,2019,sainz,Carlos,Sainz,Spanish,81.0,60.0,0.7407407407407407,21.0,0.25925925925925924,13.0,0.16049382716049382,6.0,0.07407407407407407,2.0,0.024691358024691357,0.8395061728395061,0,0,40,171.0,2.111111111111111,7.1234567901234565,4.889855248051657,0.1697834595053582,1.5637860082304527
832,2020,sainz,Carlos,Sainz,Spanish,102.0,78.0,0.7647058823529411,24.0,0.23529411764705882,16.0,0.1568627450980392,6.0,0.058823529411764705,2.0,0.0196078431372549,0.8431372549019608,0,1,53,267.0,2.6176470588235294,6.96078431372549,4.752546414719974,0.17383605935645088,2.0017301038062283
832,2021,sainz,Carlos,Sainz,Spanish,119.0,92.0,0.773109243697479,27.0,0.226890756302521,17.0,0.14285714285714285,8.0,0.06722689075630252,2.0,0.01680672268907563,0.8571428571428572,0,2,65,372.0,3.1260504201680672,6.764705882352941,4.653914738420378,0.17686860277616878,2.416778476096321
832,2022,sainz,Carlos,Sainz,Spanish,141.0,114.0,0.8085106382978723,27.0,0.19148936170212766,17.0,0.12056737588652482,8.0,0.05673758865248227,2.0,0.014184397163120567,0.8794326241134752,0,6,85,535.5,3.797872340425532,6.723404255319149,4.3793622758297355,0.18589564129063157,3.0706201901312813
832,2023,sainz,Carlos,Sainz,Spanish,163.0,130.0,0.7975460122699386,33.0,0.20245398773006135,19.0,0.1165644171779141,12.0,0.0736196319018405,2.0,0.012269938650306749,0.8834355828220859,1,15,101,763.5,4.684049079754601,6.159509202453988,4.381957402732616,0.1858060042415541,3.7357446648349577
832,2024,sainz,Carlos,Sainz,Spanish,185.0,150.0,0.8108108108108109,35.0,0.1891891891891892,20.0,0.10810810810810811,13.0,0.07027027027027027,2.0,0.010810810810810811,0.8918918918918919,2,18,119,941.5,5.089189189189189,6.108108108108108,4.327059945516866,0.1877208085186985,4.1263696128561
832,2025,sainz,Carlos,Sainz,Spanish,208.0,171.0,0.8221153846153846,37.0,0.1778846153846154,20.0,0.09615384615384616,15.0,0.07211538461538461,2.0,0.009615384615384616,0.9038461538461539,4,27,139,1203.5,5.7860576923076925,5.908653846153846,4.283950607004526,0.18925233681677062,4.756807045118343
833,2015,merhi,Roberto,Merhi,Spanish,231.0,190.0,0.8225108225108225,41.0,0.1774891774891775,21.0,0.09090909090909091,18.0,0.07792207792207792,2.0,0.008658008658008658,0.9090909090909091,4,29,149,1257.5,5.4437229437229435,6.528138528138528,4.733397551344949,0.1744166510423507,4.477521035962594
834,2015,rossi,Alexander,Rossi,American,13.0,12.0,0.9230769230769231,1.0,0.07692307692307693,0.0,0.0,0.0,0.0,1.0,0.07692307692307693,1.0,0,0,0,0.0,0.0,14.307692307692308,4.5129661981146505,0.18139055529525733,0.0
835,2016,jolyon_palmer,Jolyon,Palmer,British,5.0,5.0,1.0,0.0,0.0,0.0,0.0,0.0,0.0,0.0,0.0,1.0,0,0,0,0.0,0.0,15.4,2.3323807579381137,0.30008575629237,0.0
835,2017,jolyon_palmer,Jolyon,Palmer,British,21.0,15.0,0.7142857142857143,6.0,0.2857142857142857,2.0,0.09523809523809523,3.0,0.14285714285714285,1.0,0.047619047619047616,0.9047619047619048,0,0,1,1.0,0.047619047619047616,10.142857142857142,6.916410535377262,0.12631987635446,0.03401360544217687
836,2016,wehrlein,Pascal,Wehrlein,German,37.0,26.0,0.7027027027027027,11.0,0.2972972972972973,6.0,0.16216216216216217,4.0,0.10810810810810811,1.0,0.02702702702702703,0.8378378378378378,0,0,2,9.0,0.24324324324324326,9.324324324324325,6.559721706580753,0.13228000167380474,0.17092768444119796
836,2017,wehrlein,Pascal,Wehrlein,German,21.0,16.0,0.7619047619047619,5.0,0.23809523809523808,2.0,0.09523809523809523,3.0,0.14285714285714285,0.0,0.0,0.9047619047619048,0,0,1,1.0,0.047619047619047616,12.238095238095237,7.217074739841174,0.12169780994584563,0.03628117913832199
837,2016,haryanto,Rio,Haryanto,Indonesian,39.0,31.0,0.7948717948717948,8.0,0.20512820512820512,2.0,0.05128205128205128,6.0,0.15384615384615385,0.0,0.0,0.9487179487179487,0,0,3,6.0,0.15384615384615385,11.923076923076923,6.549161682053099,0.132465039446345,0.1222879684418146
838,2016,vandoorne,Stoffel,Vandoorne,Belgian,12.0,9.0,0.75,3.0,0.25,1.0,0.08333333333333333,2.0,0.16666666666666666,0.0,0.0,0.9166666666666666,0,0,0,0.0,0.0,13.666666666666666,8.086339647138802,0.11005531807463197,0.0
838,2017,vandoorne,Stoffel,Vandoorne,Belgian,1.0,1.0,1.0,0.0,0.0,0.0,0.0,0.0,0.0,0.0,0.0,1.0,0,0,1,1.0,1.0,10.0,0.0,1.0,1.0
838,2018,vandoorne,Stoffel,Vandoorne,Belgian,21.0,15.0,0.7142857142857143,6.0,0.2857142857142857,3.0,0.14285714285714285,3.0,0.14285714285714285,0.0,0.0,0.8571428571428572,0,0,4,14.0,0.6666666666666666,8.285714285714286,5.564709012568206,0.152329676469359,0.47619047619047616
839,2016,ocon,Esteban,Ocon,French,42.0,34.0,0.8095238095238095,8.0,0.19047619047619047,5.0,0.11904761904761904,3.0,0.07142857142857142,0.0,0.0,0.8809523809523809,0,0,8,26.0,0.6190476190476191,9.785714285714286,5.226014206811526,0.16061640188773696,0.5011337868480726
839,2017,ocon,Esteban,Ocon,French,9.0,9.0,1.0,0.0,0.0,0.0,0.0,0.0,0.0,0.0,0.0,1.0,0,0,0,0.0,0.0,17.0,2.9439202887759524,0.25355482027512355,0.0
839,2018,ocon,Esteban,Ocon,French,29.0,28.0,0.9655172413793104,1.0,0.034482758620689655,0.0,0.0,1.0,0.034482758620689655,0.0,0.0,1.0,0,0,18,87.0,3.0,10.482758620689655,5.150297545172028,0.16259375951412272,2.896551724137931
839,2020,ocon,Esteban,Ocon,French,50.0,44.0,0.88,6.0,0.12,2.0,0.04,4.0,0.08,0.0,0.0,0.96,0,0,28,136.0,2.72,8.84,5.345502782713708,0.15759192521736498,2.3936
839,2021,ocon,Esteban,Ocon,French,67.0,57.0,0.8507462686567164,10.0,0.14925373134328357,6.0,0.08955223880597014,4.0,0.05970149253731343,0.0,0.0,0.9104477611940298,0,1,38,198.0,2.955223880597015,8.208955223880597,5.239167398341634,0.16027779608314394,2.5141456894631324
839,2022,ocon,Esteban,Ocon,French,89.0,76.0,0.8539325842696629,13.0,0.14606741573033707,8.0,0.0898876404494382,5.0,0.056179775280898875,0.0,0.0,0.9101123595505618,1,2,52,272.0,3.056179775280899,8.134831460674157,5.061844517111794,0.16496628991013063,2.6097714934982954
839,2023,ocon,Esteban,Ocon,French,111.0,96.0,0.8648648648648649,15.0,0.13513513513513514,10.0,0.09009009009009009,5.0,0.04504504504504504,0.0,0.0,0.9099099099099099,1,2,68,361.0,3.2522522522522523,8.0,4.768515360019168,0.17335483007133348,2.8127587046505966
839,2024,ocon,Esteban,Ocon,French,133.0,112.0,0.8421052631578947,21.0,0.15789473684210525,14.0,0.10526315789473684,7.0,0.05263157894736842,0.0,0.0,0.8947368421052632,1,3,80,417.0,3.1353383458646618,7.796992481203008,4.824373267171198,0.17169229273756412,2.6402849228333993
839,2025,ocon,Esteban,Ocon,French,156.0,133.0,0.8525641025641025,23.0,0.14743589743589744,14.0,0.08974358974358974,9.0,0.057692307692307696,0.0,0.0,0.9102564102564102,1,4,85,440.0,2.8205128205128207,8.429487179487179,5.100417503633805,0.16392320679762246,2.4046679815910585
840,2017,stroll,Lance,Stroll,Canadian,179.0,155.0,0.8659217877094972,24.0,0.1340782122905028,15.0,0.08379888268156424,9.0,0.05027932960893855,0.0,0.0,0.9162011173184358,1,4,93,468.0,2.6145251396648046,8.983240223463687,5.155107962429484,0.16246668719768317,2.2639742829499707
840,2018,stroll,Lance,Stroll,Canadian,20.0,16.0,0.8,4.0,0.2,2.0,0.1,2.0,0.1,0.0,0.0,0.9,0,1,7,40.0,2.0,8.95,5.817860431464475,0.14667358037794273,1.6
840,2019,stroll,Lance,Stroll,Canadian,41.0,35.0,0.8536585365853658,6.0,0.14634146341463414,3.0,0.07317073170731707,3.0,0.07317073170731707,0.0,0.0,0.926829268292683,0,1,9,46.0,1.1219512195121952,10.78048780487805,5.602752786482431,0.1514519825802448,0.9577632361689471
840,2020,stroll,Lance,Stroll,Canadian,62.0,54.0,0.8709677419354839,8.0,0.12903225806451613,4.0,0.06451612903225806,4.0,0.06451612903225806,0.0,0.0,0.935483870967742,0,1,15,67.0,1.0806451612903225,10.82258064516129,5.323484771694582,0.15814065125549717,0.9412070759625389
840,2021,stroll,Lance,Stroll,Canadian,78.0,65.0,0.8333333333333334,13.0,0.16666666666666666,6.0,0.07692307692307693,7.0,0.08974358974358974,0.0,0.0,0.9230769230769231,0,3,25,142.0,1.8205128205128205,9.58974358974359,5.653308306297177,0.15030116657205364,1.517094017094017
840,2022,stroll,Lance,Stroll,Canadian,100.0,84.0,0.84,16.0,0.16,6.0,0.06,10.0,0.1,0.0,0.0,0.94,0,3,34,176.0,1.76,9.53,5.465263031181574,0.15467274806563325,1.4784
840,2023,stroll,Lance,Stroll,Canadian,122.0,104.0,0.8524590163934426,18.0,0.14754098360655737,7.0,0.05737704918032787,11.0,0.09016393442622951,0.0,0.0,0.9426229508196722,0,3,42,194.0,1.5901639344262295,9.688524590163935,5.241827311240873,0.1602094947739271,1.3555495834453104
840,2024,stroll,Lance,Stroll,Canadian,144.0,122.0,0.8472222222222222,22.0,0.1527777777777778,9.0,0.0625,12.0,0.08333333333333333,1.0,0.006944444444444444,0.9375,0,3,54,262.0,1.8194444444444444,9.375,5.239904314223899,0.16025886770739323,1.5414737654320987
840,2025,stroll,Lance,Stroll,Canadian,168.0,142.0,0.8452380952380952,26.0,0.15476190476190477,9.0,0.05357142857142857,14.0,0.08333333333333333,3.0,0.017857142857142856,0.9464285714285714,0,3,60,286.0,1.7023809523809523,9.613095238095237,5.285791371166777,0.15908895808840354,1.4389172335600906
841,2017,giovinazzi,Antonio,Giovinazzi,Italian,190.0,163.0,0.8578947368421053,27.0,0.14210526315789473,9.0,0.04736842105263158,15.0,0.07894736842105263,3.0,0.015789473684210527,0.9526315789473684,0,3,65,314.0,1.6526315789473685,10.105263157894736,5.333062089132041,0.1579014994525424,1.4177839335180056
841,2019,giovinazzi,Antonio,Giovinazzi,Italian,2.0,1.0,0.5,1.0,0.5,0.0,0.0,1.0,0.5,0.0,0.0,1.0,0,0,0,0.0,0.0,6.0,6.0,0.14285714285714285,0.0
841,2020,giovinazzi,Antonio,Giovinazzi,Italian,23.0,21.0,0.9130434782608695,2.0,0.08695652173913043,0.0,0.0,2.0,0.08695652173913043,0.0,0.0,1.0,0,0,4,14.0,0.6086956521739131,12.391304347826088,4.940860076816256,0.1683257957719661,0.555765595463138
841,2021,giovinazzi,Antonio,Giovinazzi,Italian,40.0,35.0,0.875,5.0,0.125,1.0,0.025,4.0,0.1,0.0,0.0,0.975,0,0,7,18.0,0.45,11.975,5.354845936159134,0.15736022714728462,0.39375
842,2017,gasly,Pierre,Gasly,French,62.0,56.0,0.9032258064516129,6.0,0.0967741935483871,2.0,0.03225806451612903,4.0,0.06451612903225806,0.0,0.0,0.967741935483871,0,0,9,21.0,0.3387096774193548,12.096774193548388,4.7168526870776954,0.17492142175718256,0.3059313215400624
842,2018,gasly,Pierre,Gasly,French,5.0,5.0,1.0,0.0,0.0,0.0,0.0,0.0,0.0,0.0,0.0,1.0,0,0,0,0.0,0.0,13.6,1.3564659966250654,0.4243642816964903,0.0
842,2019,gasly,Pierre,Gasly,French,26.0,21.0,0.8076923076923077,5.0,0.19230769230769232,3.0,0.11538461538461539,2.0,0.07692307692307693,0.0,0.0,0.8846153846153846,0,0,5,29.0,1.1153846153846154,9.461538461538462,5.415297202091704,0.15587742367944396,0.900887573964497
842,2020,gasly,Pierre,Gasly,French,47.0,41.0,0.8723404255319149,6.0,0.1276595744680851,4.0,0.0851063829787234,2.0,0.0425531914893617,0.0,0.0,0.9148936170212766,0,1,19,124.0,2.6382978723404253,9.042553191489361,4.980632476321853,0.16720639563777537,2.3014938886373923
842,2021,gasly,Pierre,Gasly,French,64.0,55.0,0.859375,9.0,0.140625,6.0,0.09375,3.0,0.046875,0.0,0.0,0.90625,1,2,29,199.0,3.109375,8.453125,4.93371591545105,0.16852845910537415,2.672119140625
842,2022,gasly,Pierre,Gasly,French,86.0,74.0,0.8604651162790697,12.0,0.13953488372093023,8.0,0.09302325581395349,4.0,0.046511627906976744,0.0,0.0,0.9069767441860466,1,3,44,309.0,3.5930232558139537,8.0,4.810357043268298,0.17210646308879923,3.0916711736073554
842,2023,gasly,Pierre,Gasly,French,108.0,93.0,0.8611111111111112,15.0,0.1388888888888889,10.0,0.09259259259259259,5.0,0.046296296296296294,0.0,0.0,0.9074074074074074,1,3,50,332.0,3.074074074074074,8.407407407407407,4.88011277388864,0.17006476549916225,2.647119341563786
842,2024,gasly,Pierre,Gasly,French,130.0,113.0,0.8692307692307693,17.0,0.13076923076923078,10.0,0.07692307692307693,7.0,0.05384615384615385,0.0,0.0,0.9230769230769231,1,4,61,386.0,2.9692307692307693,8.638461538461538,4.75880373809968,0.1736471749130984,2.58094674556213
842,2025,gasly,Pierre,Gasly,French,154.0,133.0,0.8636363636363636,21.0,0.13636363636363635,14.0,0.09090909090909091,7.0,0.045454545454545456,0.0,0.0,0.9090909090909091,1,5,70,426.0,2.7662337662337664,8.779220779220779,4.8953287477613925,0.16962582457843858,2.389020070838253
843,2017,brendon_hartley,Brendon,Hartley,New Zealander,177.0,153.0,0.864406779661017,24.0,0.13559322033898305,14.0,0.07909604519774012,9.0,0.05084745762711865,1.0,0.005649717514124294,0.9209039548022598,1,5,75,446.0,2.519774011299435,9.508474576271187,5.169574881239604,0.16208572215255745,2.1781097385808676
843,2018,brendon_hartley,Brendon,Hartley,New Zealander,4.0,2.0,0.5,2.0,0.5,2.0,0.5,0.0,0.0,0.0,0.0,0.5,0,0,0,0.0,0.0,7.0,7.035623639735144,0.12444584824196174,0.0
844,2018,leclerc,Charles,Leclerc,Monegasque,25.0,17.0,0.68,8.0,0.32,6.0,0.24,2.0,0.08,0.0,0.0,0.76,0,0,3,4.0,0.16,9.08,6.644817529473627,0.1308075694605694,0.10880000000000001
844,2019,leclerc,Charles,Leclerc,Monegasque,21.0,15.0,0.7142857142857143,6.0,0.2857142857142857,2.0,0.09523809523809523,3.0,0.14285714285714285,0.0,0.0,0.9047619047619048,0,0,10,39.0,1.8571428571428572,7.238095238095238,5.40638742075618,0.15609421259165196,1.326530612244898
844,2020,leclerc,Charles,Leclerc,Monegasque,42.0,34.0,0.8095238095238095,8.0,0.19047619047619047,2.0,0.047619047619047616,5.0,0.11904761904761904,0.0,0.0,0.9523809523809523,2,10,28,303.0,7.214285714285714,5.523809523809524,4.890408957668329,0.16976749953806974,5.840136054421769
844,2021,leclerc,Charles,Leclerc,Monegasque,59.0,47.0,0.7966101694915254,12.0,0.2033898305084746,3.0,0.05084745762711865,8.0,0.13559322033898305,0.0,0.0,0.9491525423728814,2,12,38,401.0,6.796610169491525,5.47457627118644,4.76340546249371,0.1735085283358357,5.414248779086469
844,2022,leclerc,Charles,Leclerc,Monegasque,81.0,67.0,0.8271604938271605,14.0,0.1728395061728395,4.0,0.04938271604938271,9.0,0.1111111111111111,0.0,0.0,0.9506172839506173,2,13,56,560.0,6.91358024691358,5.617283950617284,4.539450940950675,0.18052330649007986,5.718640451150739
844,2023,leclerc,Charles,Leclerc,Monegasque,103.0,86.0,0.8349514563106796,17.0,0.1650485436893204,6.0,0.05825242718446602,10.0,0.0970873786407767,0.0,0.0,0.941747572815534,5,24,75,851.0,8.262135922330097,5.029126213592233,4.280133177039744,0.18938916244545187,6.898482420586294
844,2024,leclerc,Charles,Leclerc,Monegasque,125.0,104.0,0.832,21.0,0.168,9.0,0.072,11.0,0.088,0.0,0.0,0.928,5,30,91,1036.0,8.288,4.808,4.113773936423828,0.1955502946419492,6.8956159999999995
844,2025,leclerc,Charles,Leclerc,Monegasque,149.0,127.0,0.8523489932885906,22.0,0.1476510067114094,10.0,0.06711409395973154,11.0,0.0738255033557047,0.0,0.0,0.9328859060402684,8,43,112,1363.0,9.14765100671141,4.6375838926174495,3.9717370045820077,0.20113694651957434,7.796991126525833
845,2018,sirotkin,Sergey,Sirotkin,Russian,172.0,147.0,0.8546511627906976,25.0,0.14534883720930233,10.0,0.05813953488372093,13.0,0.0755813953488372,1.0,0.005813953488372093,0.9418604651162791,8,50,131,1576.0,9.162790697674419,4.936046511627907,4.241473328672085,0.19078605141988725,7.83098972417523
846,2019,norris,Lando,Norris,British,21.0,18.0,0.8571428571428571,3.0,0.14285714285714285,2.0,0.09523809523809523,1.0,0.047619047619047616,0.0,0.0,0.9047619047619048,0,0,1,1.0,0.047619047619047616,12.714285714285714,5.547567953985028,0.15272846452725594,0.04081632653061224
846,2020,norris,Lando,Norris,British,21.0,16.0,0.7619047619047619,5.0,0.23809523809523808,2.0,0.09523809523809523,2.0,0.09523809523809523,1.0,0.047619047619047616,0.9047619047619048,0,0,11,49.0,2.3333333333333335,7.619047619047619,4.477203532778347,0.18257492058045605,1.777777777777778
846,2021,norris,Lando,Norris,British,38.0,32.0,0.8421052631578947,6.0,0.15789473684210525,3.0,0.07894736842105263,2.0,0.05263157894736842,1.0,0.02631578947368421,0.9210526315789473,0,1,24,146.0,3.8421052631578947,7.5,4.216196839507577,0.19171055670790266,3.235457063711911
846,2022,norris,Lando,Norris,British,60.0,53.0,0.8833333333333333,7.0,0.11666666666666667,3.0,0.05,3.0,0.05,1.0,0.016666666666666666,0.95,0,5,44,306.0,5.1,7.066666666666666,3.9406711216351074,0.20240165260565887,4.505
846,2023,norris,Lando,Norris,British,82.0,73.0,0.8902439024390244,9.0,0.10975609756097561,4.0,0.04878048780487805,4.0,0.04878048780487805,1.0,0.012195121951219513,0.9512195121951219,0,6,61,422.0,5.146341463414634,7.073170731707317,3.878585635489604,0.2049774411512697,4.581499107674004
846,2024,norris,Lando,Norris,British,104.0,94.0,0.9038461538461539,10.0,0.09615384615384616,4.0,0.038461538461538464,5.0,0.04807692307692308,1.0,0.009615384615384616,0.9615384615384616,0,13,77,606.0,5.826923076923077,7.076923076923077,4.2870383978747,0.18914180770882674,5.266642011834319
846,2025,norris,Lando,Norris,British,128.0,118.0,0.921875,10.0,0.078125,4.0,0.03125,5.0,0.0390625,1.0,0.0078125,0.96875,4,26,100,950.0,7.421875,6.5546875,4.371085022891198,0.18618212069592424,6.842041015625
847,2019,russell,George,Russell,British,151.0,140.0,0.9271523178807947,11.0,0.0728476821192053,5.0,0.033112582781456956,5.0,0.033112582781456956,1.0,0.006622516556291391,0.9668874172185431,11,43,120,1329.0,8.801324503311259,6.211920529801325,4.650157401769767,0.17698621983288035,8.160168413666067
847,2020,russell,George,Russell,British,21.0,19.0,0.9047619047619048,2.0,0.09523809523809523,1.0,0.047619047619047616,1.0,0.047619047619047616,0.0,0.0,0.9523809523809523,0,0,0,0.0,0.0,14.047619047619047,4.88414529712689,0.16994821669143348,0.0
847,2021,russell,George,Russell,British,38.0,32.0,0.8421052631578947,6.0,0.15789473684210525,2.0,0.05263157894736842,3.0,0.07894736842105263,1.0,0.02631578947368421,0.9473684210526316,0,0,1,3.0,0.07894736842105263,12.763157894736842,5.926897699765898,0.14436477097587222,0.06648199445983378
847,2022,russell,George,Russell,British,60.0,50.0,0.8333333333333334,10.0,0.16666666666666666,4.0,0.06666666666666667,5.0,0.08333333333333333,1.0,0.016666666666666666,0.9333333333333333,0,1,5,19.0,0.31666666666666665,11.65,6.201679879946509,0.13885649135621222,0.2638888888888889
847,2023,russell,George,Russell,British,82.0,71.0,0.8658536585365854,11.0,0.13414634146341464,4.0,0.04878048780487805,6.0,0.07317073170731707,1.0,0.012195121951219513,0.9512195121951219,1,9,25,281.0,3.426829268292683,9.646341463414634,6.401927970311855,0.13509993666661801,2.9671326591314693
847,2024,russell,George,Russell,British,104.0,90.0,0.8653846153846154,14.0,0.1346153846153846,7.0,0.0673076923076923,6.0,0.057692307692307696,1.0,0.009615384615384616,0.9326923076923077,1,11,42,438.0,4.211538461538462,8.817307692307692,6.201371472190219,0.1388624380594355,3.6446005917159767
847,2025,russell,George,Russell,British,128.0,113.0,0.8828125,15.0,0.1171875,8.0,0.0625,6.0,0.046875,1.0,0.0078125,0.9375,3,15,63,664.0,5.1875,8.125,5.955564624785798,0.1437697805921537,4.57958984375
848,2019,albon,Alexander,Albon,Thai,151.0,136.0,0.9006622516556292,15.0,0.09933774834437085,8.0,0.052980132450331126,6.0,0.039735099337748346,1.0,0.006622516556291391,0.9470198675496688,5,24,85,943.0,6.245033112582782,7.576158940397351,5.71791316317635,0.14885574965175377,5.624665584842771
848,2020,albon,Alexander,Albon,Thai,21.0,20.0,0.9523809523809523,1.0,0.047619047619047616,0.0,0.0,1.0,0.047619047619047616,0.0,0.0,1.0,0,0,13,92.0,4.380952380952381,8.428571428571429,4.030495994190253,0.198787555174461,4.172335600907029
848,2022,albon,Alexander,Albon,Thai,38.0,36.0,0.9473684210526315,2.0,0.05263157894736842,1.0,0.02631578947368421,1.0,0.02631578947368421,0.0,0.0,0.9736842105263158,0,2,25,197.0,5.184210526315789,7.921052631578948,4.169952536315569,0.1934253734392429,4.911357340720222
848,2023,albon,Alexander,Albon,Thai,59.0,53.0,0.8983050847457628,6.0,0.1016949152542373,3.0,0.05084745762711865,3.0,0.05084745762711865,0.0,0.0,0.9491525423728814,0,2,28,201.0,3.406779661016949,8.779661016949152,4.790767238402229,0.1726886885330789,3.0603274920999715
848,2024,albon,Alexander,Albon,Thai,81.0,71.0,0.8765432098765432,10.0,0.12345679012345678,4.0,0.04938271604938271,6.0,0.07407407407407407,0.0,0.0,0.9506172839506173,0,2,35,226.0,2.7901234567901234,8.864197530864198,4.824712839711075,0.17168228331915558,2.4456637707666515
848,2025,albon,Alexander,Albon,Thai,105.0,88.0,0.8380952380952381,17.0,0.1619047619047619,6.0,0.05714285714285714,9.0,0.08571428571428572,2.0,0.01904761904761905,0.9428571428571428,0,2,39,238.0,2.2666666666666666,8.895238095238096,5.215222790335468,0.16089527821190538,1.8996825396825396
849,2020,latifi,Nicholas,Latifi,Canadian,128.0,107.0,0.8359375,21.0,0.1640625,8.0,0.0625,11.0,0.0859375,2.0,0.015625,0.9375,0,2,50,308.0,2.40625,9.2421875,5.148947243354097,0.16262946491870128,2.011474609375
849,2021,latifi,Nicholas,Latifi,Canadian,17.0,14.0,0.8235294117647058,3.0,0.17647058823529413,1.0,0.058823529411764705,2.0,0.11764705882352941,0.0,0.0,0.9411764705882353,0,0,0,0.0,0.0,12.705882352941176,6.3963657501497355,0.13520153461580176,0.0
849,2022,latifi,Nicholas,Latifi,Canadian,39.0,32.0,0.8205128205128205,7.0,0.1794871794871795,2.0,0.05128205128205128,5.0,0.1282051282051282,0.0,0.0,0.9487179487179487,0,0,2,7.0,0.1794871794871795,12.897435897435898,6.146897786667434,0.13992084815673506,0.1472715318869165
850,2020,pietro_fittipaldi,Pietro,Fittipaldi,Brazilian,61.0,50.0,0.819672131147541,11.0,0.18032786885245902,3.0,0.04918032786885246,8.0,0.13114754098360656,0.0,0.0,0.9508196721311475,0,0,3,9.0,0.14754098360655737,12.901639344262295,6.253405414633176,0.13786627698798948,0.12093523246439129
851,2020,aitken,Jack,Aitken,British,2.0,2.0,1.0,0.0,0.0,0.0,0.0,0.0,0.0,0.0,0.0,1.0,0,0,0,0.0,0.0,18.0,1.0,0.5,0.0
852,2021,tsunoda,Yuki,Tsunoda,Japanese,1.0,1.0,1.0,0.0,0.0,0.0,0.0,0.0,0.0,0.0,0.0,1.0,0,0,0,0.0,0.0,16.0,0.0,1.0,0.0
852,2022,tsunoda,Yuki,Tsunoda,Japanese,22.0,18.0,0.8181818181818182,4.0,0.18181818181818182,3.0,0.13636363636363635,1.0,0.045454545454545456,0.0,0.0,0.8636363636363636,0,0,7,32.0,1.4545454545454546,9.590909090909092,5.548620556737016,0.15270391547899828,1.1900826446280992
852,2023,tsunoda,Yuki,Tsunoda,Japanese,44.0,34.0,0.7727272727272727,10.0,0.22727272727272727,6.0,0.13636363636363635,4.0,0.09090909090909091,0.0,0.0,0.8636363636363636,0,0,11,44.0,1.0,9.545454545454545,6.009290328144738,0.14266779562328188,0.7727272727272727
852,2024,tsunoda,Yuki,Tsunoda,Japanese,66.0,54.0,0.8181818181818182,12.0,0.18181818181818182,7.0,0.10606060606060606,5.0,0.07575757575757576,0.0,0.0,0.8939393939393939,0,0,17,58.0,0.8787878787878788,10.166666666666666,5.663769312770678,0.15006521880695442,0.71900826446281
852,2025,tsunoda,Yuki,Tsunoda,Japanese,90.0,74.0,0.8222222222222222,16.0,0.17777777777777778,8.0,0.08888888888888889,6.0,0.06666666666666667,2.0,0.022222222222222223,0.9111111111111111,0,0,26,87.0,0.9666666666666667,10.088888888888889,5.60088176479471,0.15149491168489373,0.7948148148148148
853,2021,mazepin,Nikita,Mazepin,Russian,113.0,96.0,0.8495575221238938,17.0,0.1504424778761062,8.0,0.07079646017699115,7.0,0.061946902654867256,2.0,0.017699115044247787,0.9292035398230089,0,0,33,108.0,0.9557522123893806,10.584070796460177,5.309410019583137,0.1584934244083364,0.8119664813219516
854,2021,mick_schumacher,Mick,Schumacher,German,22.0,16.0,0.7272727272727273,6.0,0.2727272727272727,2.0,0.09090909090909091,3.0,0.13636363636363635,1.0,0.045454545454545456,0.9090909090909091,0,0,0,0.0,0.0,12.954545454545455,8.025398731115384,0.11079842894391627,0.0
854,2022,mick_schumacher,Mick,Schumacher,German,22.0,19.0,0.8636363636363636,3.0,0.13636363636363635,1.0,0.045454545454545456,2.0,0.09090909090909091,0.0,0.0,0.9545454545454546,0,0,0,0.0,0.0,14.227272727272727,5.923234820923587,0.14444115010771744,0.0
855,2022,zhou,Guanyu,Zhou,Chinese,44.0,38.0,0.8636363636363636,6.0,0.13636363636363635,2.0,0.045454545454545456,3.0,0.06818181818181818,1.0,0.022727272727272728,0.9545454545454546,0,0,2,12.0,0.2727272727272727,13.0,5.7839904438497705,0.14740586801778,0.23553719008264462
855,2023,zhou,Guanyu,Zhou,Chinese,22.0,16.0,0.7272727272727273,6.0,0.2727272727272727,3.0,0.13636363636363635,2.0,0.09090909090909091,0.0,0.0,0.8636363636363636,0,0,3,6.0,0.2727272727272727,9.954545454545455,5.787739963431107,0.14732444162379404,0.1983471074380165
855,2024,zhou,Guanyu,Zhou,Chinese,44.0,35.0,0.7954545454545454,9.0,0.20454545454545456,5.0,0.11363636363636363,3.0,0.06818181818181818,0.0,0.0,0.8863636363636364,0,0,6,12.0,0.2727272727272727,10.772727272727273,5.522119308100154,0.1533243954550247,0.21694214876033055
856,2022,de_vries,Nyck,de Vries,Dutch,68.0,57.0,0.8382352941176471,11.0,0.16176470588235295,6.0,0.08823529411764706,3.0,0.04411764705882353,1.0,0.014705882352941176,0.9117647058823529,0,0,7,16.0,0.23529411764705882,11.897058823529411,5.546964474277148,0.1527425425827456,0.1972318339100346
856,2023,de_vries,Nyck,de Vries,Dutch,1.0,1.0,1.0,0.0,0.0,0.0,0.0,0.0,0.0,0.0,0.0,1.0,0,0,1,2.0,2.0,9.0,0.0,1.0,2.0
857,2023,piastri,Oscar,Piastri,Australian,11.0,10.0,0.9090909090909091,1.0,0.09090909090909091,0.0,0.0,1.0,0.09090909090909091,0.0,0.0,1.0,0,0,1,2.0,0.18181818181818182,13.454545454545455,4.97929597731969,0.16724376980051509,0.1652892561983471
857,2024,piastri,Oscar,Piastri,Australian,22.0,19.0,0.8636363636363636,3.0,0.13636363636363635,2.0,0.09090909090909091,1.0,0.045454545454545456,0.0,0.0,0.9090909090909091,0,2,11,82.0,3.727272727272727,8.318181818181818,5.303398255633008,0.15864458494374106,3.21900826446281
857,2025,piastri,Oscar,Piastri,Australian,46.0,43.0,0.9347826086956522,3.0,0.06521739130434782,2.0,0.043478260869565216,1.0,0.021739130434782608,0.0,0.0,0.9565217391304348,2,10,34,347.0,7.543478260869565,6.6521739130434785,4.564596231033249,0.17970755801168295,7.051512287334594
858,2023,sargeant,Logan,Sargeant,American,69.0,65.0,0.9420289855072463,4.0,0.057971014492753624,2.0,0.028985507246376812,2.0,0.028985507246376812,0.0,0.0,0.9710144927536232,9,25,55,710.0,10.289855072463768,5.869565217391305,4.910541879476695,0.16918922501375416,9.693341734929636
858,2024,sargeant,Logan,Sargeant,American,22.0,18.0,0.8181818181818182,4.0,0.18181818181818182,1.0,0.045454545454545456,2.0,0.09090909090909091,1.0,0.045454545454545456,0.9545454545454546,0,0,1,1.0,0.045454545454545456,11.590909090909092,6.7867457117068914,0.12842335386611659,0.0371900826446281
859,2023,lawson,Liam,Lawson,New Zealander,36.0,30.0,0.8333333333333334,6.0,0.16666666666666666,1.0,0.027777777777777776,4.0,0.1111111111111111,1.0,0.027777777777777776,0.9722222222222222,0,0,1,1.0,0.027777777777777776,12.63888888888889,6.712975734342895,0.1296516460628013,0.023148148148148147
859,2024,lawson,Liam,Lawson,New Zealander,5.0,5.0,1.0,0.0,0.0,0.0,0.0,0.0,0.0,0.0,0.0,1.0,0,0,1,2.0,0.4,12.2,2.71293199325011,0.26932892975630596,0.4
859,2025,lawson,Liam,Lawson,New Zealander,11.0,11.0,1.0,0.0,0.0,0.0,0.0,0.0,0.0,0.0,0.0,1.0,0,0,3,6.0,0.5454545454545454,12.909090909090908,3.117532399905868,0.24286390558162002,0.5454545454545454
860,2024,bearman,Oliver,Bearman,British,34.0,29.0,0.8529411764705882,5.0,0.14705882352941177,1.0,0.029411764705882353,4.0,0.11764705882352941,0.0,0.0,0.9705882352941176,0,0,10,44.0,1.2941176470588236,12.676470588235293,3.9386515177845762,0.20248442239726783,1.1038062283737025
860,2025,bearman,Oliver,Bearman,British,3.0,3.0,1.0,0.0,0.0,0.0,0.0,0.0,0.0,0.0,0.0,1.0,0,0,2,7.0,2.3333333333333335,9.666666666666666,2.0548046676563305,0.32735317272092807,2.3333333333333335
861,2024,colapinto,Franco,Colapinto,Argentinian ,26.0,23.0,0.8846153846153846,3.0,0.11538461538461539,2.0,0.07692307692307693,0.0,0.0,1.0,0.038461538461538464,0.9230769230769231,0,0,11,46.0,1.7692307692307692,11.538461538461538,4.049983563411751,0.1980204464911968,1.5650887573964496
861,2025,colapinto,Franco,Colapinto,Argentinian ,9.0,6.0,0.6666666666666666,3.0,0.3333333333333333,1.0,0.1111111111111111,2.0,0.2222222222222222,0.0,0.0,0.8888888888888888,0,0,2,5.0,0.5555555555555556,7.444444444444445,5.479479113750201,0.1543333935405216,0.37037037037037035
862,2024,doohan,Jack,Doohan,Australian,26.0,22.0,0.8461538461538461,4.0,0.15384615384615385,2.0,0.07692307692307693,2.0,0.07692307692307693,0.0,0.0,0.9230769230769231,0,0,2,5.0,0.19230769230769232,12.923076923076923,5.455576377383736,0.15490483599626653,0.16272189349112426
862,2025,doohan,Jack,Doohan,Australian,1.0,1.0,1.0,0.0,0.0,0.0,0.0,0.0,0.0,0.0,0.0,1.0,0,0,0,0.0,0.0,15.0,0.0,1.0,0.0
863,2025,antonelli,Andrea Kimi,Antonelli,Italian,7.0,5.0,0.7142857142857143,2.0,0.2857142857142857,0.0,0.0,2.0,0.2857142857142857,0.0,0.0,1.0,0,0,0,0.0,0.0,16.142857142857142,2.4159335036125453,0.29274574547263366,0.0
864,2025,bortoleto,Gabriel,Bortoleto,Brazilian,23.0,19.0,0.8260869565217391,4.0,0.17391304347826086,2.0,0.08695652173913043,2.0,0.08695652173913043,0.0,0.0,0.9130434782608696,0,3,14,135.0,5.869565217391305,9.608695652173912,5.784079577559971,0.147403931302302,4.848771266540643
865,2025,hadjar,Isack,Hadjar,French,23.0,18.0,0.782608695652174,5.0,0.21739130434782608,1.0,0.043478260869565216,4.0,0.17391304347826086,0.0,0.0,0.9565217391304348,0,0,5,19.0,0.8260869565217391,14.391304347826088,3.997163455499544,0.20011352618443304,0.6465028355387524
