driverId,year,driverRef,forename,surname,driver_nationality,sessions_count,sessions_quali,sessions_rate,top5_finishes,top10_finishes,top10_rate,pole_count,pole_rate,front_row_count,front_row_rate,q2_appearances,q3_appearances,q3_rate,avg_quali_position,std_quali_position,consistency_index,performance_score
1,2015,hamilton,Lewis,Hamilton,British,0.0,0.0,0.0,0,0,0.0,0,0.0,0,0.0,0.0,0.0,0.0,,,1.0,0.05
1,2016,hamilton,Lewis,Hamilton,British,19.0,19.0,1.0,19,19,1.0,11,0.5789473684210527,18,0.9473684210526315,19.0,19.0,1.0,1.5789473684210527,0.9355994123490091,0.5166358253779473,0.9710526315789474
1,2017,hamilton,Lewis,Hamilton,British,40.0,40.0,1.0,36,38,0.95,23,0.575,33,0.825,40.0,40.0,1.0,2.925,4.713743204715335,0.17501661593309584,0.9037499999999999
1,2018,hamilton,Lewis,Hamilton,British,60.0,60.0,1.0,54,56,0.9333333333333333,34,0.5666666666666667,46,0.7666666666666667,60.0,60.0,1.0,3.0833333333333335,4.744441191776143,0.17408133648084345,0.8958333333333334
1,2019,hamilton,Lewis,Hamilton,British,81.0,81.0,1.0,74,76,0.9382716049382716,45,0.5555555555555556,60,0.7407407407407407,81.0,81.0,1.0,2.925925925925926,4.334124650761695,0.18747218437371974,0.9037037037037037
1,2020,hamilton,Lewis,Hamilton,British,102.0,102.0,1.0,95,97,0.9509803921568627,50,0.49019607843137253,74,0.7254901960784313,102.0,102.0,1.0,2.7941176470588234,3.9015789546157267,0.20401589146254973,0.9102941176470589
1,2021,hamilton,Lewis,Hamilton,British,118.0,118.0,1.0,110,113,0.9576271186440678,60,0.5084745762711864,88,0.7457627118644068,118.0,118.0,1.0,2.6440677966101696,3.6765989804709776,0.21383060728018433,0.9177966101694915
1,2022,hamilton,Lewis,Hamilton,British,140.0,140.0,1.0,131,135,0.9642857142857143,68,0.4857142857142857,105,0.75,140.0,140.0,1.0,2.5642857142857145,3.4251396515548183,0.2259815686604692,0.9217857142857143
1,2023,hamilton,Lewis,Hamilton,British,162.0,162.0,1.0,142,155,0.9567901234567902,68,0.41975308641975306,105,0.6481481481481481,162.0,162.0,1.0,3.0864197530864197,3.6216002562955425,0.2163752692885544,0.8956790123456789
1,2024,hamilton,Lewis,Hamilton,British,184.0,184.0,1.0,153,173,0.9402173913043478,69,0.375,106,0.5760869565217391,184.0,184.0,1.0,3.4782608695652173,3.7255821280461174,0.21161414041775828,0.8760869565217391
1,2025,hamilton,Lewis,Hamilton,British,208.0,208.0,1.0,159,191,0.9182692307692307,69,0.3317307692307692,107,0.5144230769230769,208.0,208.0,1.0,4.0576923076923075,4.176000393910521,0.19319936705887492,0.8471153846153847
3,2015,rosberg,Nico,Rosberg,German,231.0,231.0,1.0,168,206,0.8917748917748918,69,0.2987012987012987,107,0.46320346320346323,231.0,231.0,1.0,4.523809523809524,4.4544928667188985,0.18333510088565594,0.8238095238095238
3,2016,rosberg,Nico,Rosberg,German,19.0,19.0,1.0,18,19,1.0,7,0.3684210526315789,15,0.7894736842105263,19.0,19.0,1.0,2.0526315789473686,1.234319936795639,0.447563477159925,0.9473684210526315
4,2015,alonso,Fernando,Alonso,Spanish,40.0,40.0,1.0,39,40,1.0,15,0.375,36,0.9,40.0,40.0,1.0,1.825,0.9457140159688867,0.5139501446732605,0.95875
4,2016,alonso,Fernando,Alonso,Spanish,18.0,18.0,1.0,0,0,0.0,0,0.0,0,0.0,18.0,18.0,1.0,15.555555555555555,2.2662308949301315,0.30616329101295553,0.27222222222222225
4,2017,alonso,Fernando,Alonso,Spanish,37.0,37.0,1.0,0,8,0.21621621621621623,0,0.0,0,0.0,37.0,37.0,1.0,13.72972972972973,3.2850903862561958,0.23336730613836168,0.3635135135135135
4,2018,alonso,Fernando,Alonso,Spanish,56.0,56.0,1.0,0,15,0.26785714285714285,0,0.0,0,0.0,56.0,56.0,1.0,12.946428571428571,3.2810039995248332,0.23359006441269253,0.40267857142857144
4,2021,alonso,Fernando,Alonso,Spanish,77.0,77.0,1.0,0,17,0.22077922077922077,0,0.0,0,0.0,77.0,77.0,1.0,13.064935064935066,3.196335817482433,0.23830313957092789,0.39675324675324675
4,2022,alonso,Fernando,Alonso,Spanish,99.0,99.0,1.0,1,28,0.2828282828282828,0,0.0,0,0.0,99.0,99.0,1.0,12.606060606060606,3.314547615484926,0.23177400949545593,0.41969696969696973
4,2023,alonso,Fernando,Alonso,Spanish,121.0,121.0,1.0,4,46,0.38016528925619836,0,0.0,1,0.008264462809917356,121.0,121.0,1.0,11.818181818181818,3.670296225124793,0.21411918041093408,0.4590909090909091
4,2024,alonso,Fernando,Alonso,Spanish,143.0,143.0,1.0,13,66,0.46153846153846156,0,0.0,3,0.02097902097902098,143.0,143.0,1.0,11.076923076923077,4.059137879249014,0.1976621360927292,0.49615384615384617
4,2025,alonso,Fernando,Alonso,Spanish,167.0,167.0,1.0,16,82,0.49101796407185627,0,0.0,3,0.017964071856287425,167.0,167.0,1.0,10.874251497005988,4.100795367161849,0.19604785685735387,0.5062874251497006
8,2015,raikkonen,Kimi,Räikkönen,Finnish,190.0,190.0,1.0,18,94,0.49473684210526314,0,0.0,3,0.015789473684210527,190.0,190.0,1.0,10.836842105263157,4.027498966162213,0.1989060578093682,0.5081578947368421
8,2016,raikkonen,Kimi,Räikkönen,Finnish,19.0,19.0,1.0,10,15,0.7894736842105263,0,0.0,1,0.05263157894736842,19.0,19.0,1.0,6.894736842105263,4.327327324440939,0.18771138679843405,0.7052631578947368
8,2017,raikkonen,Kimi,Räikkönen,Finnish,40.0,40.0,1.0,25,35,0.875,0,0.0,1,0.025,40.0,40.0,1.0,5.925,3.5241133636703577,0.22103778566430798,0.7537499999999999
8,2018,raikkonen,Kimi,Räikkönen,Finnish,60.0,60.0,1.0,43,55,0.9166666666666666,1,0.016666666666666666,6,0.1,60.0,60.0,1.0,5.216666666666667,3.162760749022214,0.24022519195581657,0.7891666666666667
8,2019,raikkonen,Kimi,Räikkönen,Finnish,81.0,81.0,1.0,60,76,0.9382716049382716,2,0.024691358024691357,10,0.12345679012345678,81.0,81.0,1.0,4.864197530864198,2.8792706827745906,0.2577804133236624,0.8067901234567902
8,2020,raikkonen,Kimi,Räikkönen,Finnish,102.0,102.0,1.0,61,84,0.8235294117647058,2,0.0196078431372549,10,0.09803921568627451,102.0,102.0,1.0,6.401960784313726,4.30517200112219,0.1884953022802036,0.7299019607843137
8,2021,raikkonen,Kimi,Räikkönen,Finnish,119.0,119.0,1.0,61,85,0.7142857142857143,2,0.01680672268907563,10,0.08403361344537816,119.0,119.0,1.0,7.8655462184873945,5.483243182103302,0.15424379001553645,0.6567226890756303
9,2019,kubica,Robert,Kubica,Polish,139.0,139.0,1.0,61,85,0.6115107913669064,2,0.014388489208633094,10,0.07194244604316546,139.0,139.0,1.0,9.0,5.834652129101262,0.14631322576640007,0.6
9,2021,kubica,Robert,Kubica,Polish,21.0,21.0,1.0,0,0,0.0,0,0.0,0,0.0,21.0,21.0,1.0,19.523809523809526,0.7315376902731565,0.5775213589732755,0.07380952380952373
13,2015,massa,Felipe,Massa,Brazilian,23.0,23.0,1.0,0,0,0.0,0,0.0,0,0.0,23.0,23.0,1.0,19.434782608695652,0.7704367455073348,0.5648323796586366,0.07826086956521738
13,2016,massa,Felipe,Massa,Brazilian,19.0,19.0,1.0,6,16,0.8421052631578947,0,0.0,0,0.0,19.0,19.0,1.0,7.7894736842105265,3.805521575268467,0.208093956990326,0.6605263157894736
13,2017,massa,Felipe,Massa,Brazilian,40.0,40.0,1.0,7,28,0.7,0,0.0,0,0.0,40.0,40.0,1.0,9.225,3.8176399777873247,0.20757051265987006,0.58875
18,2015,button,Jenson,Button,British,59.0,59.0,1.0,7,39,0.6610169491525424,0,0.0,0,0.0,59.0,59.0,1.0,9.694915254237289,3.78782276037364,0.20886320359986768,0.5652542372881355
18,2016,button,Jenson,Button,British,17.0,17.0,1.0,0,0,0.0,0,0.0,0,0.0,17.0,17.0,1.0,15.764705882352942,2.1012436587637255,0.3224512840757047,0.2617647058823529
18,2017,button,Jenson,Button,British,38.0,38.0,1.0,1,4,0.10526315789473684,0,0.0,0,0.0,38.0,38.0,1.0,14.263157894736842,3.225590199167272,0.23665333192912744,0.3368421052631579
20,2015,vettel,Sebastian,Vettel,German,39.0,39.0,1.0,1,5,0.1282051282051282,0,0.0,0,0.0,39.0,39.0,1.0,14.128205128205128,3.2908535809506545,0.23305386239221107,0.3435897435897436
20,2016,vettel,Sebastian,Vettel,German,19.0,19.0,1.0,15,17,0.8947368421052632,1,0.05263157894736842,3,0.15789473684210525,19.0,19.0,1.0,4.894736842105263,4.153562033041865,0.1940405477975308,0.8052631578947368
20,2017,vettel,Sebastian,Vettel,German,40.0,40.0,1.0,30,37,0.925,1,0.025,4,0.1,40.0,40.0,1.0,5.1,4.0484564959994325,0.19808034411952125,0.795
20,2018,vettel,Sebastian,Vettel,German,60.0,60.0,1.0,48,56,0.9333333333333333,5,0.08333333333333333,17,0.2833333333333333,60.0,60.0,1.0,4.5,4.157322856518763,0.19389904953032328,0.825
20,2019,vettel,Sebastian,Vettel,German,81.0,81.0,1.0,68,77,0.9506172839506173,10,0.12345679012345678,28,0.345679012345679,81.0,81.0,1.0,4.012345679012346,3.7728524335632705,0.20951831507881535,0.8493827160493828
20,2020,vettel,Sebastian,Vettel,German,102.0,102.0,1.0,85,97,0.9509803921568627,12,0.11764705882352941,34,0.3333333333333333,102.0,102.0,1.0,4.088235294117647,3.835088109467862,0.20682146371683338,0.8455882352941178
20,2021,vettel,Sebastian,Vettel,German,119.0,119.0,1.0,86,100,0.8403361344537815,12,0.10084033613445378,34,0.2857142857142857,119.0,119.0,1.0,5.2521008403361344,4.660252972891475,0.17667054896473322,0.7873949579831934
20,2022,vettel,Sebastian,Vettel,German,141.0,141.0,1.0,87,107,0.7588652482269503,12,0.0851063829787234,34,0.24113475177304963,141.0,141.0,1.0,6.2695035460992905,5.035870525749753,0.16567618469181522,0.7365248226950355
154,2015,grosjean,Romain,Grosjean,French,161.0,161.0,1.0,87,112,0.6956521739130435,12,0.07453416149068323,34,0.2111801242236025,161.0,161.0,1.0,7.273291925465839,5.568308258806267,0.15224620413624457,0.6863354037267081
154,2016,grosjean,Romain,Grosjean,French,19.0,19.0,1.0,2,12,0.631578947368421,0,0.0,0,0.0,19.0,19.0,1.0,9.842105263157896,2.8146825172886154,0.26214501350187747,0.5578947368421052
154,2017,grosjean,Romain,Grosjean,French,40.0,40.0,1.0,2,15,0.375,0,0.0,0,0.0,40.0,40.0,1.0,11.7,3.5440090293338704,0.22006998523649393,0.465
154,2018,grosjean,Romain,Grosjean,French,60.0,60.0,1.0,2,20,0.3333333333333333,0,0.0,0,0.0,60.0,60.0,1.0,12.416666666666666,3.852668627789781,0.20607217939286013,0.4291666666666667
154,2019,grosjean,Romain,Grosjean,French,81.0,81.0,1.0,4,36,0.4444444444444444,0,0.0,0,0.0,81.0,81.0,1.0,11.802469135802468,4.164576521937387,0.19362671765097017,0.4598765432098766
154,2020,grosjean,Romain,Grosjean,French,102.0,102.0,1.0,4,45,0.4411764705882353,0,0.0,0,0.0,102.0,102.0,1.0,11.833333333333334,4.097065744214788,0.19619130891827485,0.4583333333333333
807,2015,hulkenberg,Nico,Hülkenberg,German,117.0,117.0,1.0,4,45,0.38461538461538464,0,0.0,0,0.0,117.0,117.0,1.0,12.495726495726496,4.241883011205162,0.19077114042079507,0.4252136752136752
807,2016,hulkenberg,Nico,Hülkenberg,German,19.0,19.0,1.0,1,10,0.5263157894736842,0,0.0,0,0.0,19.0,19.0,1.0,10.052631578947368,3.3477987144819465,0.23000144801302125,0.5473684210526316
807,2017,hulkenberg,Nico,Hülkenberg,German,40.0,40.0,1.0,4,28,0.7,0,0.0,0,0.0,40.0,40.0,1.0,9.125,2.9680591301387516,0.252012373607203,0.59375
807,2018,hulkenberg,Nico,Hülkenberg,German,60.0,60.0,1.0,4,40,0.6666666666666666,0,0.0,0,0.0,60.0,60.0,1.0,9.266666666666667,2.897508508280096,0.25657416728547,0.5866666666666667
807,2019,hulkenberg,Nico,Hülkenberg,German,81.0,81.0,1.0,4,51,0.6296296296296297,0,0.0,0,0.0,81.0,81.0,1.0,9.666666666666666,3.0429030972509263,0.2473470117747752,0.5666666666666667
807,2020,hulkenberg,Nico,Hülkenberg,German,102.0,102.0,1.0,4,60,0.5882352941176471,0,0.0,0,0.0,102.0,102.0,1.0,9.941176470588236,3.121159693383729,0.24265014568725377,0.5529411764705883
807,2022,hulkenberg,Nico,Hülkenberg,German,105.0,105.0,1.0,5,61,0.580952380952381,0,0.0,0,0.0,105.0,105.0,1.0,10.0,3.312314684843301,0.23189402283528796,0.55
807,2023,hulkenberg,Nico,Hülkenberg,German,107.0,107.0,1.0,5,61,0.5700934579439252,0,0.0,0,0.0,107.0,107.0,1.0,10.14018691588785,3.435517069548032,0.22545285799157064,0.5429906542056074
807,2024,hulkenberg,Nico,Hülkenberg,German,129.0,129.0,1.0,6,69,0.5348837209302325,0,0.0,1,0.007751937984496124,129.0,129.0,1.0,10.48062015503876,3.634675326860266,0.21576484423935777,0.5259689922480619
807,2025,hulkenberg,Nico,Hülkenberg,German,153.0,153.0,1.0,7,80,0.5228758169934641,0,0.0,1,0.006535947712418301,153.0,153.0,1.0,10.673202614379084,3.70449305954654,0.2125627538063344,0.5163398692810458
813,2015,maldonado,Pastor,Maldonado,Venezuelan,176.0,176.0,1.0,7,81,0.4602272727272727,0,0.0,1,0.005681818181818182,176.0,176.0,1.0,11.204545454545455,3.869047013592417,0.20537899864355447,0.48977272727272725
814,2017,resta,Paul,di Resta,British,19.0,19.0,1.0,0,4,0.21052631578947367,0,0.0,0,0.0,19.0,19.0,1.0,12.421052631578947,2.8711961467338645,0.258318091384675,0.42894736842105263
815,2015,perez,Sergio,Pérez,Mexican,1.0,1.0,1.0,0,0,0.0,0,0.0,0,0.0,1.0,1.0,1.0,19.0,0.0,1.0,0.1
815,2016,perez,Sergio,Pérez,Mexican,19.0,19.0,1.0,2,9,0.47368421052631576,0,0.0,0,0.0,19.0,19.0,1.0,10.68421052631579,3.920964322566141,0.20321220282258193,0.5157894736842106
815,2017,perez,Sergio,Pérez,Mexican,40.0,40.0,1.0,3,23,0.575,0,0.0,1,0.025,40.0,40.0,1.0,10.025,3.704642357907168,0.2125560082838781,0.54875
815,2018,perez,Sergio,Pérez,Mexican,60.0,60.0,1.0,3,38,0.6333333333333333,0,0.0,1,0.016666666666666666,60.0,60.0,1.0,9.783333333333333,3.445246322430694,0.22495941224989133,0.5608333333333333
815,2019,perez,Sergio,Pérez,Mexican,81.0,81.0,1.0,4,48,0.5925925925925926,0,0.0,1,0.012345679012345678,81.0,81.0,1.0,10.209876543209877,3.5406494814074025,0.22023281120788996,0.5395061728395062
815,2020,perez,Sergio,Pérez,Mexican,102.0,102.0,1.0,5,53,0.5196078431372549,0,0.0,1,0.00980392156862745,102.0,102.0,1.0,10.852941176470589,3.7583816365493723,0.21015548486463317,0.5073529411764706
815,2021,perez,Sergio,Pérez,Mexican,117.0,117.0,1.0,13,65,0.5555555555555556,0,0.0,1,0.008547008547008548,117.0,117.0,1.0,10.367521367521368,4.007681279867002,0.1996932200977772,0.5316239316239316
815,2022,perez,Sergio,Pérez,Mexican,139.0,139.0,1.0,25,84,0.60431654676259,0,0.0,2,0.014388489208633094,139.0,139.0,1.0,9.741007194244604,4.164492126179733,0.19362988180983398,0.5629496402877698
815,2023,perez,Sergio,Pérez,Mexican,161.0,161.0,1.0,42,103,0.639751552795031,1,0.006211180124223602,6,0.037267080745341616,161.0,161.0,1.0,9.093167701863354,4.3792299760410165,0.18590021331193873,0.5953416149068322
815,2024,perez,Sergio,Pérez,Mexican,183.0,183.0,1.0,50,116,0.6338797814207651,3,0.01639344262295082,9,0.04918032786885246,183.0,183.0,1.0,9.092896174863387,4.538493987849378,0.18055449770169463,0.5953551912568307
817,2015,ricciardo,Daniel,Ricciardo,Australian,207.0,207.0,1.0,59,131,0.6328502415458938,3,0.014492753623188406,11,0.05314009661835749,207.0,207.0,1.0,9.120772946859903,4.665621351005562,0.17650314732425865,0.5939613526570049
817,2016,ricciardo,Daniel,Ricciardo,Australian,19.0,19.0,1.0,7,17,0.8947368421052632,0,0.0,1,0.05263157894736842,19.0,19.0,1.0,7.2631578947368425,3.4311591606329728,0.22567458395178794,0.6868421052631579
817,2017,ricciardo,Daniel,Ricciardo,Australian,40.0,40.0,1.0,22,38,0.95,1,0.025,4,0.1,40.0,40.0,1.0,5.65,3.094753625088756,0.24421493734640123,0.7675
817,2018,ricciardo,Daniel,Ricciardo,Australian,60.0,60.0,1.0,34,57,0.95,1,0.016666666666666666,4,0.06666666666666667,60.0,60.0,1.0,5.8,3.3105890714493698,0.23198685456318976,0.76
817,2019,ricciardo,Daniel,Ricciardo,Australian,81.0,81.0,1.0,42,73,0.9012345679012346,3,0.037037037037037035,6,0.07407407407407407,81.0,81.0,1.0,6.160493827160494,3.5779047255720133,0.2184405442983633,0.7419753086419754
817,2020,ricciardo,Daniel,Ricciardo,Australian,102.0,102.0,1.0,44,84,0.8235294117647058,3,0.029411764705882353,6,0.058823529411764705,102.0,102.0,1.0,7.0588235294117645,4.089257877471899,0.19649230282210664,0.6970588235294117
817,2021,ricciardo,Daniel,Ricciardo,Australian,119.0,119.0,1.0,49,98,0.8235294117647058,3,0.025210084033613446,6,0.05042016806722689,119.0,119.0,1.0,7.151260504201681,3.922866931945437,0.20313366455445023,0.692436974789916
817,2022,ricciardo,Daniel,Ricciardo,Australian,141.0,141.0,1.0,52,111,0.7872340425531915,3,0.02127659574468085,6,0.0425531914893617,141.0,141.0,1.0,7.539007092198582,3.9670946735471126,0.2013249325255719,0.673049645390071
817,2023,ricciardo,Daniel,Ricciardo,Australian,163.0,163.0,1.0,52,118,0.7239263803680982,3,0.018404907975460124,6,0.03680981595092025,163.0,163.0,1.0,8.159509202453988,4.200389085641258,0.19229330412239537,0.6420245398773006
817,2024,ricciardo,Daniel,Ricciardo,Australian,170.0,170.0,1.0,53,119,0.7,3,0.01764705882352941,6,0.03529411764705882,170.0,170.0,1.0,8.4,4.3675272314717235,0.18630552894760252,0.63
821,2016,gutierrez,Esteban,Gutiérrez,Mexican,188.0,188.0,1.0,54,122,0.648936170212766,3,0.015957446808510637,6,0.031914893617021274,188.0,188.0,1.0,8.861702127659575,4.510274473484478,0.18147916311828288,0.6069148936170212
822,2015,bottas,Valtteri,Bottas,Finnish,21.0,21.0,1.0,0,2,0.09523809523809523,0,0.0,0,0.0,21.0,21.0,1.0,13.857142857142858,2.5125535158615055,0.28469317135933664,0.3571428571428571
822,2016,bottas,Valtteri,Bottas,Finnish,19.0,19.0,1.0,9,17,0.8947368421052632,0,0.0,0,0.0,19.0,19.0,1.0,6.105263157894737,3.3386845320323584,0.2304846071699923,0.7447368421052631
822,2017,bottas,Valtteri,Bottas,Finnish,40.0,40.0,1.0,12,31,0.775,0,0.0,0,0.0,40.0,40.0,1.0,7.275,3.0658400153954544,0.24595163513897814,0.68625
822,2018,bottas,Valtteri,Bottas,Finnish,60.0,60.0,1.0,30,51,0.85,4,0.06666666666666667,6,0.1,60.0,60.0,1.0,5.85,3.3207679834640667,0.2314403374185057,0.7575000000000001
822,2019,bottas,Valtteri,Bottas,Finnish,81.0,81.0,1.0,49,72,0.8888888888888888,6,0.07407407407407407,15,0.18518518518518517,81.0,81.0,1.0,5.246913580246914,3.267992415020326,0.23430219708936328,0.7876543209876543
822,2020,bottas,Valtteri,Bottas,Finnish,102.0,102.0,1.0,68,93,0.9117647058823529,11,0.10784313725490197,25,0.24509803921568626,102.0,102.0,1.0,4.784313725490196,3.142458919133083,0.2414025146709906,0.8107843137254902
822,2021,bottas,Valtteri,Bottas,Finnish,119.0,119.0,1.0,84,110,0.9243697478991597,16,0.13445378151260504,39,0.3277310924369748,119.0,119.0,1.0,4.428571428571429,3.115619173315835,0.2429768056489855,0.8285714285714285
822,2022,bottas,Valtteri,Bottas,Finnish,141.0,141.0,1.0,101,132,0.9361702127659575,19,0.1347517730496454,46,0.3262411347517731,141.0,141.0,1.0,4.326241134751773,3.030568736036167,0.2481039440065331,0.8336879432624114
822,2023,bottas,Valtteri,Bottas,Finnish,163.0,163.0,1.0,102,140,0.8588957055214724,19,0.1165644171779141,46,0.2822085889570552,163.0,163.0,1.0,5.319018404907975,4.069496767961185,0.19725823800104186,0.7840490797546013
822,2024,bottas,Valtteri,Bottas,Finnish,185.0,185.0,1.0,102,145,0.7837837837837838,19,0.10270270270270271,46,0.24864864864864866,185.0,185.0,1.0,6.335135135135135,4.858662713146167,0.17068741604737114,0.7332432432432432
825,2015,kevin_magnussen,Kevin,Magnussen,Danish,209.0,209.0,1.0,102,147,0.7033492822966507,19,0.09090909090909091,46,0.22009569377990432,209.0,209.0,1.0,7.354066985645933,5.4666448528934115,0.15463969689823986,0.6822966507177034
825,2016,kevin_magnussen,Kevin,Magnussen,Danish,1.0,1.0,1.0,0,0,0.0,0,0.0,0,0.0,1.0,1.0,1.0,18.0,0.0,1.0,0.15
825,2017,kevin_magnussen,Kevin,Magnussen,Danish,21.0,21.0,1.0,0,0,0.0,0,0.0,0,0.0,21.0,21.0,1.0,17.0,2.160246899469291,0.31643097258253233,0.2
825,2018,kevin_magnussen,Kevin,Magnussen,Danish,41.0,41.0,1.0,0,0,0.0,0,0.0,0,0.0,41.0,41.0,1.0,16.195121951219512,2.471491227491392,0.288060644394205,0.24024390243902438
825,2019,kevin_magnussen,Kevin,Magnussen,Danish,62.0,62.0,1.0,2,10,0.16129032258064516,0,0.0,0,0.0,62.0,62.0,1.0,14.274193548387096,4.052754359447772,0.19791185734770064,0.3362903225806452
825,2020,kevin_magnussen,Kevin,Magnussen,Danish,83.0,83.0,1.0,3,19,0.2289156626506024,0,0.0,0,0.0,83.0,83.0,1.0,13.614457831325302,4.153185235168229,0.19405473592826408,0.3692771084337349
825,2022,kevin_magnussen,Kevin,Magnussen,Danish,100.0,100.0,1.0,3,19,0.19,0,0.0,0,0.0,100.0,100.0,1.0,14.17,4.030024813819391,0.1988061763140054,0.3415
825,2023,kevin_magnussen,Kevin,Magnussen,Danish,122.0,122.0,1.0,6,28,0.22950819672131148,1,0.00819672131147541,1,0.00819672131147541,122.0,122.0,1.0,13.844262295081966,4.332531331044244,0.18752819963350778,0.3577868852459017
825,2024,kevin_magnussen,Kevin,Magnussen,Danish,144.0,144.0,1.0,7,31,0.2152777777777778,1,0.006944444444444444,1,0.006944444444444444,144.0,144.0,1.0,14.041666666666666,4.328322423295196,0.18767633047655732,0.3479166666666667
826,2015,kvyat,Daniil,Kvyat,Russian,166.0,166.0,1.0,7,34,0.20481927710843373,1,0.006024096385542169,1,0.006024096385542169,166.0,166.0,1.0,14.072289156626505,4.17185963714638,0.19335404867092623,0.34638554216867473
826,2016,kvyat,Daniil,Kvyat,Russian,19.0,19.0,1.0,5,13,0.6842105263157895,0,0.0,0,0.0,19.0,19.0,1.0,8.68421052631579,3.613609240794078,0.21675004271230466,0.6157894736842106
826,2017,kvyat,Daniil,Kvyat,Russian,40.0,40.0,1.0,5,18,0.45,0,0.0,0,0.0,40.0,40.0,1.0,11.325,4.660405025317007,0.17666580315849317,0.48375
826,2019,kvyat,Daniil,Kvyat,Russian,55.0,55.0,1.0,5,20,0.36363636363636365,0,0.0,0,0.0,55.0,55.0,1.0,11.690909090909091,4.271992199825733,0.18968161599955616,0.46545454545454545
826,2020,kvyat,Daniil,Kvyat,Russian,76.0,76.0,1.0,5,24,0.3157894736842105,0,0.0,0,0.0,76.0,76.0,1.0,12.223684210526315,4.153624556084555,0.19403819372510633,0.43881578947368427
828,2015,ericsson,Marcus,Ericsson,Swedish,93.0,93.0,1.0,5,28,0.3010752688172043,0,0.0,0,0.0,93.0,93.0,1.0,12.204301075268818,3.977244790606611,0.200914369710581,0.4397849462365591
828,2016,ericsson,Marcus,Ericsson,Swedish,19.0,19.0,1.0,0,3,0.15789473684210525,0,0.0,0,0.0,19.0,19.0,1.0,14.526315789473685,2.6231443777635994,0.276003353920236,0.32368421052631574
828,2017,ericsson,Marcus,Ericsson,Swedish,39.0,39.0,1.0,0,3,0.07692307692307693,0,0.0,0,0.0,39.0,39.0,1.0,16.641025641025642,3.2144479885568815,0.23727899898520796,0.2179487179487179
828,2018,ericsson,Marcus,Ericsson,Swedish,59.0,59.0,1.0,0,3,0.05084745762711865,0,0.0,0,0.0,59.0,59.0,1.0,17.152542372881356,2.8866352433006806,0.2572919601147756,0.19237288135593217
829,2015,stevens,Will,Stevens,British,80.0,80.0,1.0,0,6,0.075,0,0.0,0,0.0,80.0,80.0,1.0,16.7375,3.165216224841516,0.24008357454193135,0.21312499999999995
830,2015,max_verstappen,Max,Verstappen,Dutch,17.0,17.0,1.0,0,0,0.0,0,0.0,0,0.0,17.0,17.0,1.0,18.941176470588236,0.5391265523477426,0.6497191530317157,0.10294117647058823
830,2016,max_verstappen,Max,Verstappen,Dutch,19.0,19.0,1.0,0,10,0.5263157894736842,0,0.0,0,0.0,19.0,19.0,1.0,11.0,3.509385911193612,0.22175968517524927,0.5
830,2017,max_verstappen,Max,Verstappen,Dutch,40.0,40.0,1.0,13,30,0.75,0,0.0,1,0.025,40.0,40.0,1.0,8.475,4.505482771024656,0.18163711369019223,0.62625
830,2018,max_verstappen,Max,Verstappen,Dutch,60.0,60.0,1.0,27,49,0.8166666666666667,0,0.0,4,0.06666666666666667,60.0,60.0,1.0,7.433333333333334,4.428568868406837,0.1842106131912217,0.6783333333333333
830,2019,max_verstappen,Max,Verstappen,Dutch,81.0,81.0,1.0,41,66,0.8148148148148148,0,0.0,6,0.07407407407407407,81.0,81.0,1.0,7.209876543209877,4.493386221753572,0.18203708234459162,0.6895061728395062
830,2020,max_verstappen,Max,Verstappen,Dutch,102.0,102.0,1.0,60,85,0.8333333333333334,3,0.029411764705882353,10,0.09803921568627451,102.0,102.0,1.0,6.666666666666667,4.525165652548703,0.18099004860401063,0.7166666666666666
830,2021,max_verstappen,Max,Verstappen,Dutch,119.0,119.0,1.0,76,102,0.8571428571428571,4,0.03361344537815126,14,0.11764705882352941,119.0,119.0,1.0,6.159663865546219,4.396299424119042,0.18531217810680553,0.7420168067226891
830,2022,max_verstappen,Max,Verstappen,Dutch,141.0,141.0,1.0,97,123,0.8723404255319149,12,0.0851063829787234,27,0.19148936170212766,141.0,141.0,1.0,5.638297872340425,4.482078728321816,0.18241255727207,0.7680851063829788
830,2023,max_verstappen,Max,Verstappen,Dutch,163.0,163.0,1.0,117,145,0.8895705521472392,20,0.12269938650306748,42,0.25766871165644173,163.0,163.0,1.0,5.226993865030675,4.375476294489931,0.18603002696245508,0.7886503067484663
830,2024,max_verstappen,Max,Verstappen,Dutch,185.0,185.0,1.0,135,165,0.8918918918918919,33,0.1783783783783784,58,0.31351351351351353,185.0,185.0,1.0,4.962162162162162,4.364930967619284,0.1863956882270482,0.8018918918918919
830,2025,max_verstappen,Max,Verstappen,Dutch,209.0,209.0,1.0,155,188,0.8995215311004785,43,0.20574162679425836,74,0.35406698564593303,209.0,209.0,1.0,4.7272727272727275,4.254721298455835,0.19030505010681772,0.8136363636363637
831,2015,nasr,Felipe,Nasr,Brazilian,232.0,232.0,1.0,174,210,0.9051724137931034,50,0.21551724137931033,85,0.36637931034482757,232.0,232.0,1.0,4.616379310344827,4.187861028503059,0.19275766920235848,0.8191810344827587
831,2016,nasr,Felipe,Nasr,Brazilian,19.0,19.0,1.0,0,2,0.10526315789473684,0,0.0,0,0.0,19.0,19.0,1.0,14.210526315789474,2.8205812646261585,0.26174027739149514,0.33947368421052626
832,2015,sainz,Carlos,Sainz,Spanish,40.0,40.0,1.0,0,2,0.05,0,0.0,0,0.0,40.0,40.0,1.0,16.85,3.5039263690893847,0.22202849648321016,0.20749999999999993
832,2016,sainz,Carlos,Sainz,Spanish,18.0,18.0,1.0,1,7,0.3888888888888889,0,0.0,0,0.0,18.0,18.0,1.0,11.38888888888889,3.268348017796158,0.23428267700540548,0.4805555555555555
832,2017,sainz,Carlos,Sainz,Spanish,39.0,39.0,1.0,1,16,0.41025641025641024,0,0.0,0,0.0,39.0,39.0,1.0,11.564102564102564,3.698890143971961,0.21281621177776722,0.4717948717948718
832,2018,sainz,Carlos,Sainz,Spanish,59.0,59.0,1.0,1,24,0.4067796610169492,0,0.0,0,0.0,59.0,59.0,1.0,11.525423728813559,3.3816851290413408,0.22822269755809402,0.47372881355932206
832,2019,sainz,Carlos,Sainz,Spanish,80.0,80.0,1.0,2,37,0.4625,0,0.0,0,0.0,80.0,80.0,1.0,11.2125,3.3417575839668543,0.23032147250523097,0.489375
832,2020,sainz,Carlos,Sainz,Spanish,101.0,101.0,1.0,2,51,0.504950495049505,0,0.0,0,0.0,101.0,101.0,1.0,11.01980198019802,3.559898201959278,0.21930314136625334,0.499009900990099
832,2021,sainz,Carlos,Sainz,Spanish,118.0,118.0,1.0,4,65,0.5508474576271186,0,0.0,0,0.0,118.0,118.0,1.0,10.627118644067796,3.6331725179580516,0.21583482940124224,0.5186440677966102
832,2022,sainz,Carlos,Sainz,Spanish,140.0,140.0,1.0,10,80,0.5714285714285714,0,0.0,1,0.007142857142857143,140.0,140.0,1.0,10.235714285714286,3.7694461781269557,0.20966794941225597,0.5382142857142858
832,2023,sainz,Carlos,Sainz,Spanish,162.0,162.0,1.0,29,102,0.6296296296296297,2,0.012345679012345678,7,0.043209876543209874,162.0,162.0,1.0,9.364197530864198,4.2320881412200775,0.1911282786162713,0.5817901234567902
832,2024,sainz,Carlos,Sainz,Spanish,184.0,184.0,1.0,44,121,0.657608695652174,4,0.021739130434782608,12,0.06521739130434782,184.0,184.0,1.0,8.88586956521739,4.364259026748069,0.18641903662997084,0.6057065217391304
832,2025,sainz,Carlos,Sainz,Spanish,207.0,207.0,1.0,58,142,0.6859903381642513,5,0.024154589371980676,15,0.07246376811594203,207.0,207.0,1.0,8.51207729468599,4.390217389643142,0.1855212745076697,0.6243961352657005
833,2015,merhi,Roberto,Merhi,Spanish,230.0,230.0,1.0,60,153,0.6652173913043479,5,0.021739130434782608,16,0.06956521739130435,230.0,230.0,1.0,8.726086956521739,4.453500566608969,0.18336845990680958,0.6136956521739131
834,2015,rossi,Alexander,Rossi,American,13.0,13.0,1.0,0,0,0.0,0,0.0,0,0.0,13.0,13.0,1.0,19.384615384615383,0.6249260311258792,0.6154126285410788,0.08076923076923084
835,2016,jolyon_palmer,Jolyon,Palmer,British,5.0,5.0,1.0,0,0,0.0,0,0.0,0,0.0,5.0,5.0,1.0,18.8,0.9797958971132318,0.5051025721682291,0.10999999999999996
835,2017,jolyon_palmer,Jolyon,Palmer,British,20.0,20.0,1.0,0,0,0.0,0,0.0,0,0.0,20.0,20.0,1.0,17.4,2.059126028197416,0.32689074944364027,0.18000000000000008
836,2016,wehrlein,Pascal,Wehrlein,German,35.0,35.0,1.0,0,2,0.05714285714285714,0,0.0,0,0.0,35.0,35.0,1.0,16.085714285714285,2.998775260206152,0.2500765696815995,0.24571428571428572
836,2017,wehrlein,Pascal,Wehrlein,German,21.0,21.0,1.0,0,0,0.0,0,0.0,0,0.0,21.0,21.0,1.0,18.61904761904762,2.6632631341160926,0.2729806632471925,0.11904761904761899
837,2016,haryanto,Rio,Haryanto,Indonesian,39.0,39.0,1.0,0,0,0.0,0,0.0,0,0.0,39.0,39.0,1.0,18.28205128205128,2.3853045599092813,0.2953943972552939,0.13589743589743594
838,2016,vandoorne,Stoffel,Vandoorne,Belgian,12.0,12.0,1.0,0,0,0.0,0,0.0,0,0.0,12.0,12.0,1.0,20.166666666666668,1.4043582955293752,0.41591138968737884,0.04166666666666661
838,2017,vandoorne,Stoffel,Vandoorne,Belgian,1.0,1.0,1.0,0,0,0.0,0,0.0,0,0.0,1.0,1.0,1.0,12.0,0.0,1.0,0.45
838,2018,vandoorne,Stoffel,Vandoorne,Belgian,21.0,21.0,1.0,0,6,0.2857142857142857,0,0.0,0,0.0,21.0,21.0,1.0,13.380952380952381,3.5115617265879253,0.2216527359266113,0.38095238095238093
839,2016,ocon,Esteban,Ocon,French,42.0,42.0,1.0,0,6,0.14285714285714285,0,0.0,0,0.0,42.0,42.0,1.0,15.071428571428571,3.601539731194723,0.2173185625717426,0.29642857142857143
839,2017,ocon,Esteban,Ocon,French,8.0,8.0,1.0,0,0,0.0,0,0.0,0,0.0,8.0,8.0,1.0,20.25,1.0897247358851685,0.4785319247208981,0.0375
839,2018,ocon,Esteban,Ocon,French,28.0,28.0,1.0,1,13,0.4642857142857143,0,0.0,0,0.0,28.0,28.0,1.0,13.035714285714286,5.583663306322053,0.15189112101764626,0.3982142857142857
839,2020,ocon,Esteban,Ocon,French,49.0,49.0,1.0,2,25,0.5102040816326531,0,0.0,0,0.0,49.0,49.0,1.0,11.714285714285714,5.066899385990916,0.1648288419466954,0.4642857142857143
839,2021,ocon,Esteban,Ocon,French,66.0,66.0,1.0,3,33,0.5,0,0.0,0,0.0,66.0,66.0,1.0,11.257575757575758,4.6784826796360734,0.17610338120536254,0.4871212121212121
839,2022,ocon,Esteban,Ocon,French,88.0,88.0,1.0,4,43,0.48863636363636365,0,0.0,0,0.0,88.0,88.0,1.0,11.193181818181818,4.361135054884468,0.18652766434020565,0.4903409090909091
839,2023,ocon,Esteban,Ocon,French,110.0,110.0,1.0,9,54,0.4909090909090909,0,0.0,0,0.0,110.0,110.0,1.0,11.090909090909092,4.454916496606363,0.1833208630456808,0.4954545454545454
839,2024,ocon,Esteban,Ocon,French,132.0,132.0,1.0,10,63,0.4772727272727273,0,0.0,0,0.0,132.0,132.0,1.0,11.106060606060606,4.359346586702367,0.18658991050909157,0.49469696969696975
839,2025,ocon,Esteban,Ocon,French,155.0,155.0,1.0,11,67,0.432258064516129,0,0.0,0,0.0,155.0,155.0,1.0,11.593548387096774,4.460141433015033,0.18314543904548833,0.4703225806451613
840,2017,stroll,Lance,Stroll,Canadian,178.0,178.0,1.0,11,69,0.38764044943820225,0,0.0,0,0.0,178.0,178.0,1.0,12.089887640449438,4.51126044181581,0.18144669636961075,0.4455056179775281
840,2018,stroll,Lance,Stroll,Canadian,20.0,20.0,1.0,1,3,0.15,0,0.0,0,0.0,20.0,20.0,1.0,14.9,3.986226285598948,0.20055247049019148,0.305
840,2019,stroll,Lance,Stroll,Canadian,41.0,41.0,1.0,1,4,0.0975609756097561,0,0.0,0,0.0,41.0,41.0,1.0,16.146341463414632,3.6928472431785706,0.21309025164916245,0.24268292682926837
840,2020,stroll,Lance,Stroll,Canadian,62.0,62.0,1.0,1,5,0.08064516129032258,0,0.0,0,0.0,62.0,62.0,1.0,15.983870967741936,3.3238722826084377,0.23127417616431903,0.2508064516129032
840,2021,stroll,Lance,Stroll,Canadian,78.0,78.0,1.0,4,16,0.20512820512820512,1,0.01282051282051282,1,0.01282051282051282,78.0,78.0,1.0,14.474358974358974,4.536813404928333,0.18060930121103544,0.3262820512820513
840,2022,stroll,Lance,Stroll,Canadian,100.0,100.0,1.0,4,22,0.22,1,0.01,1,0.01,100.0,100.0,1.0,14.26,4.346538852926545,0.1870368901280177,0.337
840,2023,stroll,Lance,Stroll,Canadian,122.0,122.0,1.0,4,25,0.20491803278688525,1,0.00819672131147541,1,0.00819672131147541,122.0,122.0,1.0,14.532786885245901,4.241064717519488,0.19080092574649296,0.32336065573770495
840,2024,stroll,Lance,Stroll,Canadian,144.0,144.0,1.0,5,33,0.22916666666666666,1,0.006944444444444444,1,0.006944444444444444,144.0,144.0,1.0,14.215277777777779,4.439662140618303,0.18383494675761872,0.33923611111111107
840,2025,stroll,Lance,Stroll,Canadian,168.0,168.0,1.0,5,40,0.23809523809523808,1,0.005952380952380952,1,0.005952380952380952,168.0,168.0,1.0,14.023809523809524,4.314913756452565,0.1881498074707141,0.3488095238095238
841,2017,giovinazzi,Antonio,Giovinazzi,Italian,191.0,191.0,1.0,5,42,0.2198952879581152,1,0.005235602094240838,1,0.005235602094240838,191.0,191.0,1.0,14.261780104712042,4.292274195998622,0.18895468431247933,0.3369109947643979
841,2019,giovinazzi,Antonio,Giovinazzi,Italian,2.0,2.0,1.0,0,0,0.0,0,0.0,0,0.0,2.0,2.0,1.0,15.5,0.5,0.6666666666666666,0.275
841,2020,giovinazzi,Antonio,Giovinazzi,Italian,22.0,22.0,1.0,0,3,0.13636363636363635,0,0.0,0,0.0,22.0,22.0,1.0,13.227272727272727,2.7291660095051062,0.2681564718361007,0.38863636363636367
841,2021,giovinazzi,Antonio,Giovinazzi,Italian,39.0,39.0,1.0,0,4,0.10256410256410256,0,0.0,0,0.0,39.0,39.0,1.0,14.820512820512821,3.209535431450019,0.23755590522623046,0.30897435897435893
842,2017,gasly,Pierre,Gasly,French,61.0,61.0,1.0,0,8,0.13114754098360656,0,0.0,0,0.0,61.0,61.0,1.0,14.540983606557377,3.180750352198351,0.23919151246956735,0.32295081967213113
842,2018,gasly,Pierre,Gasly,French,4.0,4.0,1.0,0,0,0.0,0,0.0,0,0.0,4.0,4.0,1.0,16.5,0.8660254037844386,0.5358983848622454,0.225
842,2019,gasly,Pierre,Gasly,French,25.0,25.0,1.0,0,6,0.24,0,0.0,0,0.0,25.0,25.0,1.0,13.48,3.7536115941849912,0.21036636674802844,0.376
842,2020,gasly,Pierre,Gasly,French,46.0,46.0,1.0,4,19,0.41304347826086957,0,0.0,0,0.0,46.0,46.0,1.0,11.826086956521738,4.424754219782391,0.18434014878560048,0.45869565217391306
842,2021,gasly,Pierre,Gasly,French,63.0,63.0,1.0,5,30,0.47619047619047616,0,0.0,0,0.0,63.0,63.0,1.0,11.365079365079366,4.114633534190537,0.19551742921856555,0.4817460317460317
842,2022,gasly,Pierre,Gasly,French,85.0,85.0,1.0,14,48,0.5647058823529412,0,0.0,0,0.0,85.0,85.0,1.0,10.188235294117646,4.296357191983376,0.1888090179253036,0.5405882352941177
842,2023,gasly,Pierre,Gasly,French,107.0,107.0,1.0,14,55,0.514018691588785,0,0.0,0,0.0,107.0,107.0,1.0,10.663551401869158,4.2819855758347565,0.18932274343478525,0.516822429906542
842,2024,gasly,Pierre,Gasly,French,129.0,129.0,1.0,17,66,0.5116279069767442,0,0.0,0,0.0,129.0,129.0,1.0,10.728682170542635,4.3002648881536105,0.18866981577374672,0.5135658914728682
842,2025,gasly,Pierre,Gasly,French,153.0,153.0,1.0,18,73,0.477124183006536,0,0.0,0,0.0,153.0,153.0,1.0,11.15032679738562,4.500938524976961,0.18178716149244517,0.492483660130719
843,2017,brendon_hartley,Brendon,Hartley,New Zealander,176.0,176.0,1.0,19,83,0.4715909090909091,0,0.0,0,0.0,176.0,176.0,1.0,11.414772727272727,4.529399914415901,0.1808514514193237,0.4792613636363637
843,2018,brendon_hartley,Brendon,Hartley,New Zealander,4.0,4.0,1.0,0,0,0.0,0,0.0,0,0.0,4.0,4.0,1.0,16.5,2.692582403567252,0.2708131845707603,0.225
844,2018,leclerc,Charles,Leclerc,Monegasque,25.0,25.0,1.0,0,2,0.08,0,0.0,0,0.0,25.0,25.0,1.0,15.48,3.5453631689856513,0.22000442271000342,0.27599999999999997
844,2019,leclerc,Charles,Leclerc,Monegasque,21.0,21.0,1.0,0,8,0.38095238095238093,0,0.0,0,0.0,21.0,21.0,1.0,12.476190476190476,3.812498838332973,0.20779225795021602,0.4261904761904762
844,2020,leclerc,Charles,Leclerc,Monegasque,42.0,42.0,1.0,18,28,0.6666666666666666,6,0.14285714285714285,8,0.19047619047619047,42.0,42.0,1.0,8.238095238095237,5.630738443534839,0.15081276520189524,0.6380952380952382
844,2021,leclerc,Charles,Leclerc,Monegasque,59.0,59.0,1.0,23,39,0.6610169491525424,6,0.1016949152542373,8,0.13559322033898305,59.0,59.0,1.0,8.254237288135593,5.094341228644173,0.16408664406578907,0.6372881355932203
844,2022,leclerc,Charles,Leclerc,Monegasque,81.0,81.0,1.0,33,57,0.7037037037037037,8,0.09876543209876543,10,0.12345679012345678,81.0,81.0,1.0,7.814814814814815,4.776772791230474,0.17310703331072091,0.6592592592592592
844,2023,leclerc,Charles,Leclerc,Monegasque,103.0,103.0,1.0,52,78,0.7572815533980582,17,0.1650485436893204,25,0.24271844660194175,103.0,103.0,1.0,6.786407766990291,4.92792810878736,0.1686930039717644,0.7106796116504854
844,2024,leclerc,Charles,Leclerc,Monegasque,125.0,125.0,1.0,68,98,0.784,21,0.168,34,0.272,125.0,125.0,1.0,6.376,4.880432767695913,0.1700555111340594,0.7312
844,2025,leclerc,Charles,Leclerc,Monegasque,149.0,149.0,1.0,82,119,0.7986577181208053,23,0.15436241610738255,40,0.2684563758389262,149.0,149.0,1.0,6.208053691275167,4.672172608436389,0.17629928936095327,0.7395973154362416
845,2018,sirotkin,Sergey,Sirotkin,Russian,172.0,172.0,1.0,93,141,0.8197674418604651,24,0.13953488372093023,44,0.2558139534883721,172.0,172.0,1.0,6.1104651162790695,4.481811538584346,0.18242144826785592,0.7444767441860465
846,2019,norris,Lando,Norris,British,21.0,21.0,1.0,0,0,0.0,0,0.0,0,0.0,21.0,21.0,1.0,16.952380952380953,2.5537309862460793,0.28139440038378716,0.20238095238095238
846,2020,norris,Lando,Norris,British,21.0,21.0,1.0,1,14,0.6666666666666666,0,0.0,0,0.0,21.0,21.0,1.0,9.428571428571429,2.9043715584717895,0.2561231647715952,0.5785714285714285
846,2021,norris,Lando,Norris,British,38.0,38.0,1.0,4,28,0.7368421052631579,0,0.0,0,0.0,38.0,38.0,1.0,8.894736842105264,2.8817892256850137,0.2576131628639707,0.6052631578947368
846,2022,norris,Lando,Norris,British,60.0,60.0,1.0,10,49,0.8166666666666667,1,0.016666666666666666,2,0.03333333333333333,60.0,60.0,1.0,8.05,3.029988998879918,0.24813963518955928,0.6475
846,2023,norris,Lando,Norris,British,82.0,82.0,1.0,16,65,0.7926829268292683,1,0.012195121951219513,2,0.024390243902439025,82.0,82.0,1.0,8.048780487804878,3.119187038489787,0.24276634944127926,0.6475609756097561
846,2024,norris,Lando,Norris,British,104.0,104.0,1.0,25,81,0.7788461538461539,1,0.009615384615384616,5,0.04807692307692308,104.0,104.0,1.0,8.067307692307692,3.7191407792788223,0.21190298123566886,0.6466346153846154
846,2025,norris,Lando,Norris,British,128.0,128.0,1.0,45,104,0.8125,9,0.0703125,14,0.109375,128.0,128.0,1.0,7.21875,4.0290691775520555,0.19884395395944005,0.6890625
847,2019,russell,George,Russell,British,151.0,151.0,1.0,64,127,0.8410596026490066,16,0.10596026490066225,28,0.18543046357615894,151.0,151.0,1.0,6.576158940397351,4.11335586893953,0.19556628281524088,0.7211920529801324
847,2020,russell,George,Russell,British,21.0,21.0,1.0,0,0,0.0,0,0.0,0,0.0,21.0,21.0,1.0,18.285714285714285,0.8806305718527399,0.5317365435651886,0.13571428571428576
847,2021,russell,George,Russell,British,38.0,38.0,1.0,1,1,0.02631578947368421,0,0.0,1,0.02631578947368421,38.0,38.0,1.0,16.710526315789473,3.1863846427279867,0.23886959401522334,0.21447368421052637
847,2022,russell,George,Russell,British,60.0,60.0,1.0,3,5,0.08333333333333333,0,0.0,2,0.03333333333333333,60.0,60.0,1.0,15.216666666666667,4.033574372962796,0.19866598283942571,0.2891666666666667
847,2023,russell,George,Russell,British,82.0,82.0,1.0,9,24,0.2926829268292683,1,0.012195121951219513,4,0.04878048780487805,82.0,82.0,1.0,12.865853658536585,5.384626252677453,0.15662623941074713,0.40670731707317076
847,2024,russell,George,Russell,British,104.0,104.0,1.0,19,42,0.40384615384615385,1,0.009615384615384616,7,0.0673076923076923,104.0,104.0,1.0,11.51923076923077,5.714322036021503,0.14893536452900594,0.4740384615384615
847,2025,russell,George,Russell,British,128.0,128.0,1.0,33,65,0.5078125,4,0.03125,12,0.09375,128.0,128.0,1.0,10.328125,5.89903246171565,0.14494786124710018,0.53359375
848,2019,albon,Alexander,Albon,Thai,151.0,151.0,1.0,52,87,0.5761589403973509,6,0.039735099337748346,16,0.10596026490066225,151.0,151.0,1.0,9.42384105960265,5.914889827384969,0.1446154638704018,0.5788079470198675
848,2020,albon,Alexander,Albon,Thai,20.0,20.0,1.0,1,9,0.45,0,0.0,0,0.0,20.0,20.0,1.0,10.55,3.879110722833261,0.2049553815862797,0.5225
848,2022,albon,Alexander,Albon,Thai,37.0,37.0,1.0,8,23,0.6216216216216216,0,0.0,0,0.0,37.0,37.0,1.0,9.0,3.8694925989040176,0.20536020533742494,0.6
848,2023,albon,Alexander,Albon,Thai,58.0,58.0,1.0,8,24,0.41379310344827586,0,0.0,0,0.0,58.0,58.0,1.0,11.379310344827585,4.795211642544004,0.17255625189920004,0.4810344827586207
848,2024,albon,Alexander,Albon,Thai,80.0,80.0,1.0,9,31,0.3875,0,0.0,0,0.0,80.0,80.0,1.0,11.6625,4.5960410953341135,0.17869775846245722,0.46687500000000004
848,2025,albon,Alexander,Albon,Thai,104.0,104.0,1.0,9,38,0.36538461538461536,0,0.0,0,0.0,104.0,104.0,1.0,11.961538461538462,4.369745365145779,0.18622856988542727,0.4519230769230769
849,2020,latifi,Nicholas,Latifi,Canadian,127.0,127.0,1.0,10,46,0.36220472440944884,0,0.0,0,0.0,127.0,127.0,1.0,12.047244094488189,4.330551178238978,0.18759786118972485,0.44763779527559056
849,2021,latifi,Nicholas,Latifi,Canadian,17.0,17.0,1.0,0,0,0.0,0,0.0,0,0.0,17.0,17.0,1.0,18.88235294117647,1.3232025740237712,0.43044029443717724,0.10588235294117646
849,2022,latifi,Nicholas,Latifi,Canadian,39.0,39.0,1.0,0,0,0.0,0,0.0,0,0.0,39.0,39.0,1.0,17.487179487179485,1.9463548424972825,0.3394024323127408,0.17564102564102574
850,2020,pietro_fittipaldi,Pietro,Fittipaldi,Brazilian,61.0,61.0,1.0,0,1,0.01639344262295082,0,0.0,0,0.0,61.0,61.0,1.0,17.885245901639344,2.1278663265033404,0.3197067571355921,0.1557377049180328
851,2020,aitken,Jack,Aitken,British,2.0,2.0,1.0,0,0,0.0,0,0.0,0,0.0,2.0,2.0,1.0,19.5,0.5,0.6666666666666666,0.075
852,2021,tsunoda,Yuki,Tsunoda,Japanese,1.0,1.0,1.0,0,0,0.0,0,0.0,0,0.0,1.0,1.0,1.0,18.0,0.0,1.0,0.15
852,2022,tsunoda,Yuki,Tsunoda,Japanese,22.0,22.0,1.0,0,9,0.4090909090909091,0,0.0,0,0.0,22.0,22.0,1.0,12.818181818181818,4.074715423820901,0.19705538468343725,0.40909090909090906
852,2023,tsunoda,Yuki,Tsunoda,Japanese,44.0,44.0,1.0,0,14,0.3181818181818182,0,0.0,0,0.0,44.0,44.0,1.0,13.272727272727273,3.886828786623988,0.20463168317604163,0.38636363636363635
852,2024,tsunoda,Yuki,Tsunoda,Japanese,66.0,66.0,1.0,0,18,0.2727272727272727,0,0.0,0,0.0,66.0,66.0,1.0,13.333333333333334,3.7551311696144616,0.21029914093433483,0.3833333333333333
852,2025,tsunoda,Yuki,Tsunoda,Japanese,90.0,90.0,1.0,1,29,0.32222222222222224,0,0.0,0,0.0,90.0,90.0,1.0,12.744444444444444,3.8774593947615625,0.20502477192819063,0.4127777777777778
853,2021,mazepin,Nikita,Mazepin,Russian,113.0,113.0,1.0,2,37,0.3274336283185841,0,0.0,0,0.0,113.0,113.0,1.0,12.734513274336283,3.9867428520545305,0.20053169567145446,0.41327433628318583
854,2021,mick_schumacher,Mick,Schumacher,German,22.0,22.0,1.0,0,0,0.0,0,0.0,0,0.0,22.0,22.0,1.0,19.59090909090909,0.6508100483308007,0.6057632136484385,0.0704545454545455
854,2022,mick_schumacher,Mick,Schumacher,German,21.0,21.0,1.0,0,0,0.0,0,0.0,0,0.0,21.0,21.0,1.0,18.19047619047619,1.401327520910685,0.4164363216979072,0.1404761904761905
855,2022,zhou,Guanyu,Zhou,Chinese,43.0,43.0,1.0,0,4,0.09302325581395349,0,0.0,0,0.0,43.0,43.0,1.0,16.27906976744186,3.5914988863908164,0.21779380214247593,0.23604651162790696
855,2023,zhou,Guanyu,Zhou,Chinese,22.0,22.0,1.0,0,2,0.09090909090909091,0,0.0,0,0.0,22.0,22.0,1.0,14.409090909090908,2.4983465606656985,0.285849324147494,0.3295454545454546
855,2024,zhou,Guanyu,Zhou,Chinese,44.0,44.0,1.0,1,4,0.09090909090909091,0,0.0,0,0.0,44.0,44.0,1.0,15.159090909090908,3.2609478670680345,0.23468956466911706,0.2920454545454546
856,2022,de_vries,Nyck,de Vries,Dutch,68.0,68.0,1.0,1,4,0.058823529411764705,0,0.0,0,0.0,68.0,68.0,1.0,16.191176470588236,3.3044415428381533,0.23231817415753434,0.2404411764705882
856,2023,de_vries,Nyck,de Vries,Dutch,1.0,1.0,1.0,0,0,0.0,0,0.0,0,0.0,1.0,1.0,1.0,13.0,0.0,1.0,0.4
857,2023,piastri,Oscar,Piastri,Australian,11.0,11.0,1.0,0,0,0.0,0,0.0,0,0.0,11.0,11.0,1.0,16.636363636363637,2.7723546694503414,0.26508642151235134,0.21818181818181817
857,2024,piastri,Oscar,Piastri,Australian,22.0,22.0,1.0,4,15,0.6818181818181818,0,0.0,1,0.045454545454545456,22.0,22.0,1.0,9.863636363636363,5.110554626950124,0.16365126589157358,0.5568181818181819
857,2025,piastri,Oscar,Piastri,Australian,46.0,46.0,1.0,18,38,0.8260869565217391,0,0.0,7,0.15217391304347827,46.0,46.0,1.0,7.543478260869565,4.803560824779208,0.17230800713423114,0.6728260869565217
858,2023,sargeant,Logan,Sargeant,American,69.0,69.0,1.0,38,61,0.8840579710144928,6,0.08695652173913043,18,0.2608695652173913,69.0,69.0,1.0,6.043478260869565,4.626435641212469,0.17773241600334114,0.7478260869565216
858,2024,sargeant,Logan,Sargeant,American,22.0,22.0,1.0,0,2,0.09090909090909091,0,0.0,0,0.0,22.0,22.0,1.0,17.227272727272727,3.383540617081174,0.22812609425890537,0.18863636363636366
859,2023,lawson,Liam,Lawson,New Zealander,36.0,36.0,1.0,0,2,0.05555555555555555,0,0.0,0,0.0,36.0,36.0,1.0,17.38888888888889,3.120521482218571,0.24268772880212727,0.18055555555555552
859,2024,lawson,Liam,Lawson,New Zealander,5.0,5.0,1.0,0,1,0.2,0,0.0,0,0.0,5.0,5.0,1.0,14.2,4.019950248448359,0.19920516150714737,0.34
859,2025,lawson,Liam,Lawson,New Zealander,11.0,11.0,1.0,1,2,0.18181818181818182,0,0.0,0,0.0,11.0,11.0,1.0,13.363636363636363,4.006193552096493,0.19975256441717484,0.38181818181818183
860,2024,bearman,Oliver,Bearman,British,34.0,34.0,1.0,2,10,0.29411764705882354,0,0.0,0,0.0,34.0,34.0,1.0,12.794117647058824,4.503458878297002,0.18170391059766422,0.4102941176470588
860,2025,bearman,Oliver,Bearman,British,3.0,3.0,1.0,0,0,0.0,0,0.0,0,0.0,3.0,3.0,1.0,13.0,2.8284271247461903,0.2612038749637414,0.4
861,2024,colapinto,Franco,Colapinto,Argentinian ,26.0,26.0,1.0,0,6,0.23076923076923078,0,0.0,0,0.0,26.0,26.0,1.0,13.807692307692308,3.892984130944664,0.20437425776137458,0.35961538461538456
861,2025,colapinto,Franco,Colapinto,Argentinian ,9.0,9.0,1.0,0,1,0.1111111111111111,0,0.0,0,0.0,9.0,9.0,1.0,15.777777777777779,3.258417399692255,0.23482902358802768,0.26111111111111107
862,2024,doohan,Jack,Doohan,Australian,26.0,26.0,1.0,0,1,0.038461538461538464,0,0.0,0,0.0,26.0,26.0,1.0,16.423076923076923,2.7759000885794007,0.2648375159672797,0.22884615384615384
862,2025,doohan,Jack,Doohan,Australian,1.0,1.0,1.0,0,0,0.0,0,0.0,0,0.0,1.0,1.0,1.0,20.0,0.0,1.0,0.05
863,2025,antonelli,Andrea Kimi,Antonelli,Italian,7.0,7.0,1.0,0,0,0.0,0,0.0,0,0.0,7.0,7.0,1.0,16.142857142857142,2.9965967090575765,0.25021288681284193,0.24285714285714288
864,2025,bortoleto,Gabriel,Bortoleto,Brazilian,23.0,23.0,1.0,8,16,0.6956521739130435,0,0.0,1,0.043478260869565216,23.0,23.0,1.0,8.347826086956522,4.814910678228566,0.17197168715661795,0.6326086956521739
865,2025,hadjar,Isack,Hadjar,French,22.0,22.0,1.0,0,4,0.18181818181818182,0,0.0,0,0.0,22.0,22.0,1.0,14.272727272727273,3.5056035426652414,0.22194584821558905,0.3363636363636363
