raceId,driverId,constructorId,circuitId,race_type,proba_target_top10,pred_target_top10,proba_target_top3,pred_target_top3,proba_target_win,pred_target_win,proba_target_top8_sprint,pred_target_top8_sprint,proba_target_top3_sprint,pred_target_top3_sprint,proba_target_win_sprint,pred_target_win_sprint
1145,1,6,1,gp,0.9109149711399709,1.0,0.6776117581165952,1.0,0.2581868956496155,0.0,,,,,,
1145,4,117,1,gp,0.48302978164275157,1.0,0.26696675797259256,0.0,0.027974479927480225,0.0,,,,,,
1145,807,15,1,gp,0.2924424795206526,0.0,0.10208512066377198,0.0,0.016034607007898934,0.0,,,,,,
1145,830,9,1,gp,0.8728762307953486,1.0,0.6789588377517817,1.0,0.5609741989720243,1.0,,,,,,
1145,832,3,1,gp,0.3500470890301468,0.0,0.09707525061814498,0.0,0.05121999719605184,0.0,,,,,,
1145,839,210,1,gp,0.18852685010836878,0.0,0.06273787557498221,0.0,0.007801987122303613,0.0,,,,,,
1145,840,117,1,gp,0.45261368052435064,1.0,0.1149726655244696,0.0,0.013948004056632162,0.0,,,,,,
1145,842,214,1,gp,0.4061472459769996,0.0,0.05932037128144219,0.0,0.016185193900217824,0.0,,,,,,
1145,844,6,1,gp,0.7152919599075058,1.0,0.5675561854076668,1.0,0.20404351163459783,0.0,,,,,,
1145,846,1,1,gp,0.5876248319779394,1.0,0.2827763233197991,0.0,0.11678417425969917,0.0,,,,,,
1145,847,131,1,gp,0.6323687267447771,1.0,0.30132782254056234,0.0,0.05072821691886445,0.0,,,,,,
1145,848,3,1,gp,0.37984709422080026,0.0,0.04733933258730063,0.0,0.0043073593073593075,0.0,,,,,,
1145,852,215,1,gp,0.25865164275253644,0.0,0.025602382590758654,0.0,0.0,0.0,,,,,,
1145,857,1,1,gp,0.6449990247008708,1.0,0.20441140464344046,0.0,0.0743613059541537,0.0,,,,,,
1145,859,9,1,gp,0.6960602186641044,1.0,0.3372371575828742,0.0,0.14121606813774712,0.0,,,,,,
1145,860,210,1,gp,0.204953704901352,0.0,0.04135228417795892,0.0,0.009345684758915243,0.0,,,,,,
1145,862,214,1,gp,0.2563434773352726,0.0,0.020587386862745298,0.0,0.0025595238095238093,0.0,,,,,,
1145,863,131,1,gp,0.6749878520216189,1.0,0.2702193928736848,0.0,0.11415743873414277,0.0,,,,,,
1145,864,15,1,gp,0.26090320254589383,0.0,0.07504442091997082,0.0,0.0033607318108665814,0.0,,,,,,
1145,865,215,1,gp,0.24061262184079485,0.0,0.02613028756161011,0.0,0.0006785714285714283,0.0,,,,,,
1146,1,6,17,gp,0.8932782626104053,1.0,0.5951412442416867,1.0,0.2533510144075226,0.0,,,,,,
1146,1,6,17,sprint,,,,,,,0.8763481592192615,1.0,0.5228627339239055,1.0,0.11688823866682019,0.0
1146,4,117,17,gp,0.48908066438083025,1.0,0.3057860367073913,0.0,0.019448301893259634,0.0,,,,,,
1146,4,117,17,sprint,,,,,,,0.3856230498612904,0.0,0.1068954697476787,0.0,0.00961510294667411,0.0
1146,807,15,17,gp,0.2381680284569489,0.0,0.10860001594274038,0.0,0.01391220672864703,0.0,,,,,,
1146,807,15,17,sprint,,,,,,,0.36784860508369355,0.0,0.023519362613873728,0.0,0.012183994497350149,0.0
1146,830,9,17,gp,0.8871956435254755,1.0,0.6607220823817463,1.0,0.5756391126895041,1.0,,,,,,
1146,830,9,17,sprint,,,,,,,0.9007094937155288,1.0,0.4848683813784818,1.0,0.39602290194815737,1.0
1146,832,3,17,gp,0.31600562769036616,0.0,0.10453215552676812,0.0,0.051358470406617236,0.0,,,,,,
1146,832,3,17,sprint,,,,,,,0.395081251686799,0.0,0.11333760077421223,0.0,0.037431896009949436,0.0
1146,839,210,17,gp,0.21745173672968407,0.0,0.07439769214982737,0.0,0.017112889712426912,0.0,,,,,,
1146,839,210,17,sprint,,,,,,,0.14162749018100296,0.0,0.04169666077925591,0.0,0.011019907818420244,0.0
1146,840,117,17,gp,0.5447284960616562,1.0,0.12215096691617004,0.0,0.01843754240034592,0.0,,,,,,
1146,840,117,17,sprint,,,,,,,0.27243794584910624,0.0,0.04588891901863982,0.0,0.02663467035996412,0.0
1146,842,214,17,gp,0.40849495382470746,0.0,0.07447952869307785,0.0,0.010610687138343506,0.0,,,,,,
1146,842,214,17,sprint,,,,,,,0.2489422326392884,0.0,0.048125357587670135,0.0,0.0013894324853228964,0.0
1146,844,6,17,gp,0.6146848364054253,1.0,0.42333580137521415,1.0,0.2079882144991169,0.0,,,,,,
1146,844,6,17,sprint,,,,,,,0.9203054716401058,1.0,0.3821955261841784,0.0,0.1614648237601522,0.0
1146,846,1,17,gp,0.5297524281274284,1.0,0.2616358128602682,0.0,0.13443253126632526,0.0,,,,,,
1146,846,1,17,sprint,,,,,,,0.6558774344421164,1.0,0.3142693606414302,0.0,0.10085146595523056,0.0
1146,847,131,17,gp,0.7657645446290406,1.0,0.23091743278062868,0.0,0.06954823903374295,0.0,,,,,,
1146,847,131,17,sprint,,,,,,,0.8964951584837213,1.0,0.18679639787246186,0.0,0.1161664306180073,0.0
1146,848,3,17,gp,0.3492356421807765,0.0,0.062302652772787445,0.0,0.0068616383616383605,0.0,,,,,,
1146,848,3,17,sprint,,,,,,,0.2681915617567746,0.0,0.03906430123913639,0.0,0.012083985910354346,0.0
1146,852,215,17,gp,0.30980787321184056,0.0,0.03420938195346306,0.0,0.0011801242236024842,0.0,,,,,,
1146,852,215,17,sprint,,,,,,,0.17106539719276198,0.0,0.014606919418746256,0.0,0.009199530599377826,0.0
1146,857,1,17,gp,0.6715275384373681,1.0,0.2520968428605001,0.0,0.0545808896682505,0.0,,,,,,
1146,857,1,17,sprint,,,,,,,0.6483896858827691,1.0,0.332743433293109,0.0,0.047628099668722064,0.0
1146,859,9,17,gp,0.6765360492061115,1.0,0.33509709016602535,0.0,0.17440013139775948,0.0,,,,,,
1146,859,9,17,sprint,,,,,,,0.6231300206723311,1.0,0.2512002866723611,0.0,0.16149015266380518,0.0
1146,860,210,17,gp,0.18865923644943114,0.0,0.04783316460062207,0.0,0.007805575692569296,0.0,,,,,,
1146,860,210,17,sprint,,,,,,,0.13924369001398337,0.0,0.058815999558544954,0.0,0.07923690355926981,0.0
1146,862,214,17,gp,0.24382443090551195,0.0,0.024263756904227815,0.0,0.0025595238095238093,0.0,,,,,,
1146,862,214,17,sprint,,,,,,,0.12277958083552377,0.0,0.050547669600635246,0.0,0.04232744475563318,0.0
1146,863,131,17,gp,0.6871813031783056,1.0,0.32501513765476353,0.0,0.12212204648884548,0.0,,,,,,
1146,863,131,17,sprint,,,,,,,0.6309485670831994,1.0,0.4032600961801641,1.0,0.27972672731059806,0.0
1146,864,15,17,gp,0.27639957342279325,0.0,0.04115204504885418,0.0,0.021771214818642217,0.0,,,,,,
1146,864,15,17,sprint,,,,,,,0.0805803496690489,0.0,0.007256206738124316,0.0,0.0011658456486042692,0.0
1146,865,215,17,gp,0.21125769364269886,0.0,0.017009517117704653,0.0,0.0017225274725274722,0.0,,,,,,
1146,865,215,17,sprint,,,,,,,0.10273637516022163,0.0,0.004866929676781893,0.0,0.00868716344098689,0.0
1147,1,6,22,gp,0.9294776386312102,1.0,0.5631694364194921,1.0,0.2500359606368334,0.0,,,,,,
1147,4,117,22,gp,0.4398632855878211,1.0,0.2548519804963203,0.0,0.017913311335798338,0.0,,,,,,
1147,807,15,22,gp,0.20517676038794963,0.0,0.08793995998320728,0.0,0.022451949904725606,0.0,,,,,,
1147,830,9,22,gp,0.9590836167800458,1.0,0.7356410113811145,1.0,0.5786012748062211,1.0,,,,,,
1147,832,3,22,gp,0.3400144997706667,0.0,0.08451764963413097,0.0,0.06420113374006106,0.0,,,,,,
1147,839,210,22,gp,0.21477023767318493,0.0,0.042565736824455476,0.0,0.01966216156175052,0.0,,,,,,
1147,840,117,22,gp,0.4694142761766712,1.0,0.11675174424784256,0.0,0.01963924691498954,0.0,,,,,,
1147,842,214,22,gp,0.36942603663079027,0.0,0.06732034456860811,0.0,0.018616230831770584,0.0,,,,,,
1147,844,6,22,gp,0.7983107263884576,1.0,0.6033001317939045,1.0,0.1874296008255691,0.0,,,,,,
1147,846,1,22,gp,0.575066418752509,1.0,0.2960225876038432,0.0,0.11225056637398254,0.0,,,,,,
1147,847,131,22,gp,0.7911425124828491,1.0,0.3259485152478772,0.0,0.0524694499543744,0.0,,,,,,
1147,848,3,22,gp,0.3393152173674945,0.0,0.04610425364184343,0.0,0.005341850178806699,0.0,,,,,,
1147,852,9,22,gp,0.7805511798172543,1.0,0.3608391590891072,0.0,0.0787211306397705,0.0,,,,,,
1147,857,1,22,gp,0.6686647841281852,1.0,0.2980606867108164,0.0,0.06651930830982061,0.0,,,,,,
1147,859,215,22,gp,0.20877257010610484,0.0,0.01765561489367188,0.0,0.019405558951903244,0.0,,,,,,
1147,860,210,22,gp,0.17868179020777666,0.0,0.04520170454150461,0.0,0.009351762425091432,0.0,,,,,,
1147,862,214,22,gp,0.21383920775446671,0.0,0.023201349432047914,0.0,0.0025595238095238093,0.0,,,,,,
1147,863,131,22,gp,0.6832867366104193,1.0,0.3004530061905602,0.0,0.1186688137419415,0.0,,,,,,
1147,864,15,22,gp,0.2486394129483471,0.0,0.04363444705663389,0.0,0.02576791891574199,0.0,,,,,,
1147,865,215,22,gp,0.17673999546785799,0.0,0.01154834392156293,0.0,0.0017225274725274722,0.0,,,,,,
1148,1,6,3,gp,0.8908884817563392,1.0,0.6159520365767576,1.0,0.25922143339060755,0.0,,,,,,
1148,4,117,3,gp,0.47424201097074853,1.0,0.24551629654014256,0.0,0.0166867145107477,0.0,,,,,,
1148,807,15,3,gp,0.20467023099420212,0.0,0.09971527106139731,0.0,0.02320613799290766,0.0,,,,,,
1148,830,9,3,gp,0.9029158617992644,1.0,0.690124370871424,1.0,0.5755847173886846,1.0,,,,,,
1148,832,3,3,gp,0.3517834292538818,0.0,0.09869470928157642,0.0,0.0886200819562504,0.0,,,,,,
1148,839,210,3,gp,0.21057134529572097,0.0,0.042892806935557005,0.0,0.029256415728358316,0.0,,,,,,
1148,840,117,3,gp,0.47684292058867445,1.0,0.11277594790016686,0.0,0.023478536678179625,0.0,,,,,,
1148,842,214,3,gp,0.3656197595745131,0.0,0.04502311559655997,0.0,0.0200551697784617,0.0,,,,,,
1148,844,6,3,gp,0.7344376198031661,1.0,0.5882680433525435,1.0,0.18513733427822285,0.0,,,,,,
1148,846,1,3,gp,0.5434408869547085,1.0,0.3182990266412533,0.0,0.10182666764149961,0.0,,,,,,
1148,847,131,3,gp,0.8306058754504134,1.0,0.3223889778235668,0.0,0.05770385257346788,0.0,,,,,,
1148,848,3,3,gp,0.37225751713122274,0.0,0.04870366206544675,0.0,0.0045717377860235,0.0,,,,,,
1148,852,9,3,gp,0.7721514318061616,1.0,0.33323911359731184,0.0,0.06190232092148498,0.0,,,,,,
1148,857,1,3,gp,0.587637166443889,1.0,0.2360800627909353,0.0,0.09096360615818454,0.0,,,,,,
1148,859,215,3,gp,0.23397505550890083,0.0,0.02476967275011466,0.0,0.020121628830452598,0.0,,,,,,
1148,860,210,3,gp,0.17365035140848067,0.0,0.037524006903796904,0.0,0.010644279431894152,0.0,,,,,,
1148,862,214,3,gp,0.2069097905482409,0.0,0.01605095989847843,0.0,0.0038520408163265304,0.0,,,,,,
1148,863,131,3,gp,0.7104093960471549,1.0,0.3362237006538408,0.0,0.09181345295018895,0.0,,,,,,
1148,864,15,3,gp,0.2882109683770452,0.0,0.041012282495901685,0.0,0.02300498105240845,0.0,,,,,,
1148,865,215,3,gp,0.23266872645047093,0.0,0.023925868481223352,0.0,0.0006785714285714283,0.0,,,,,,
1149,1,6,77,gp,0.8666098166539348,1.0,0.45004485074979717,1.0,0.2562859274495434,0.0,,,,,,
1149,4,117,77,gp,0.49879164023234124,1.0,0.28401350655682395,0.0,0.021924708412185568,0.0,,,,,,
1149,807,15,77,gp,0.22952314045635538,0.0,0.11890520351364742,0.0,0.012740584562450807,0.0,,,,,,
1149,830,9,77,gp,0.9425643997815055,1.0,0.7503580783195334,1.0,0.586244848585748,1.0,,,,,,
1149,832,3,77,gp,0.3505881860050673,0.0,0.12138976022414358,0.0,0.06456205644744475,0.0,,,,,,
1149,839,210,77,gp,0.2532117626269278,0.0,0.048413237612899375,0.0,0.00923871439721964,0.0,,,,,,
1149,840,117,77,gp,0.49519852297562394,1.0,0.13525777835459543,0.0,0.018418018955956704,0.0,,,,,,
1149,842,214,77,gp,0.36647932753370516,0.0,0.048087473613287954,0.0,0.016056974365134015,0.0,,,,,,
1149,844,6,77,gp,0.8257517456866198,1.0,0.6085884267633115,1.0,0.1995887374731083,0.0,,,,,,
1149,846,1,77,gp,0.5609449806667851,1.0,0.3152779197516902,0.0,0.1066566179791576,0.0,,,,,,
1149,847,131,77,gp,0.871634048491191,1.0,0.3302097159218061,0.0,0.06780269389712681,0.0,,,,,,
1149,848,3,77,gp,0.3645709898396537,0.0,0.04690628982190034,0.0,0.0042486085343228204,0.0,,,,,,
1149,852,9,77,gp,0.7471857062385452,1.0,0.3523360515596992,0.0,0.08680952023566224,0.0,,,,,,
1149,857,1,77,gp,0.6014896364467354,1.0,0.23257912232841496,0.0,0.06741859509424014,0.0,,,,,,
1149,859,215,77,gp,0.21039743380449785,0.0,0.023556103869050524,0.0,0.022450951654438802,0.0,,,,,,
1149,860,210,77,gp,0.16643848904115613,0.0,0.045477074557647414,0.0,0.008171638201488947,0.0,,,,,,
1149,862,214,77,gp,0.2006347365821932,0.0,0.019617561164172116,0.0,0.0038520408163265304,0.0,,,,,,
1149,863,131,77,gp,0.7058650237527823,1.0,0.33489781645665667,0.0,0.09247062444097856,0.0,,,,,,
1149,864,15,77,gp,0.23885116070106124,0.0,0.03966235429881341,0.0,0.014295986772878458,0.0,,,,,,
1149,865,215,77,gp,0.16353744206887594,0.0,0.00955709027724806,0.0,0.0017225274725274722,0.0,,,,,,
1150,1,6,79,gp,0.8115769069988443,1.0,0.3709111961753426,1.0,0.24729683174465164,0.0,,,,,,
1150,1,6,79,sprint,,,,,,,0.8126253987997225,1.0,0.4781020264943937,1.0,0.0967810276728453,0.0
1150,4,117,79,gp,0.48261161662186647,1.0,0.2908893483222412,0.0,0.012947560420047426,0.0,,,,,,
1150,4,117,79,sprint,,,,,,,0.33685320443943795,0.0,0.10355730238554214,0.0,0.010705880079049653,0.0
1150,807,15,79,gp,0.24182169017927502,0.0,0.13218347515775739,0.0,0.02315965670985043,0.0,,,,,,
1150,807,15,79,sprint,,,,,,,0.18535219000361883,0.0,0.018162904729589233,0.0,0.012168708989207497,0.0
1150,830,9,79,gp,0.9145158431793773,1.0,0.6889797179573444,1.0,0.5829244604432694,1.0,,,,,,
1150,830,9,79,sprint,,,,,,,0.8479942216867822,1.0,0.687695530020537,1.0,0.48970523828224294,1.0
1150,832,3,79,gp,0.3722927572274957,0.0,0.16391787987093806,0.0,0.08595255874126913,0.0,,,,,,
1150,832,3,79,sprint,,,,,,,0.4478494608618986,0.0,0.14837005229650985,0.0,0.06357823180995587,0.0
1150,839,210,79,gp,0.22079046546126996,0.0,0.060767173228734886,0.0,0.013555945127067464,0.0,,,,,,
1150,839,210,79,sprint,,,,,,,0.1702070244666136,0.0,0.04438242355689856,0.0,0.009854062169815974,0.0
1150,840,117,79,gp,0.44948677617409366,1.0,0.13112482610771087,0.0,0.016014744479888557,0.0,,,,,,
1150,840,117,79,sprint,,,,,,,0.20744636802791344,0.0,0.05575126149841224,0.0,0.026550909866890782,0.0
1150,842,214,79,gp,0.4364943402987181,0.0,0.07116303769748891,0.0,0.013741415023436374,0.0,,,,,,
1150,842,214,79,sprint,,,,,,,0.32248741728515457,0.0,0.051767848162716186,0.0,0.0013894324853228964,0.0
1150,844,6,79,gp,0.7937736048965045,1.0,0.5314236904498535,1.0,0.19472832963342823,0.0,,,,,,
1150,844,6,79,sprint,,,,,,,0.9269371201473221,1.0,0.6981907174813061,1.0,0.29645273071076833,0.0
1150,846,1,79,gp,0.5536749084249089,1.0,0.2784329134591137,0.0,0.13334391684681537,0.0,,,,,,
1150,846,1,79,sprint,,,,,,,0.6656765418058173,1.0,0.34723170391304536,0.0,0.14238965472270357,0.0
1150,847,131,79,gp,0.7969971313700307,1.0,0.2892391516444493,0.0,0.03600823044621403,0.0,,,,,,
1150,847,131,79,sprint,,,,,,,0.9121302614464363,1.0,0.34906987643629017,0.0,0.14616315173272157,0.0
1150,848,3,79,gp,0.3343245076803563,0.0,0.06348809353067629,0.0,0.004123537952730499,0.0,,,,,,
1150,848,3,79,sprint,,,,,,,0.28074732709706185,0.0,0.04128094619971921,0.0,0.013424077210267473,0.0
1150,852,9,79,gp,0.7614743232004819,1.0,0.36157137095638897,0.0,0.09076230253635001,0.0,,,,,,
1150,852,9,79,sprint,,,,,,,0.6991773401153274,1.0,0.23379897772917801,0.0,0.16242717645163898,0.0
1150,857,1,79,gp,0.615438817665045,1.0,0.27662215366221854,0.0,0.07031883948141415,0.0,,,,,,
1150,857,1,79,sprint,,,,,,,0.622437629772115,1.0,0.31163466649463795,0.0,0.04623372875850493,0.0
1150,859,215,79,gp,0.21299356845105283,0.0,0.01736734613680367,0.0,0.019082825493980462,0.0,,,,,,
1150,859,215,79,sprint,,,,,,,0.16086847123159764,0.0,0.01836790659054977,0.0,0.05843244892477602,0.0
1150,860,210,79,gp,0.19619661632715824,0.0,0.0508607112499471,0.0,0.01281093609250959,0.0,,,,,,
1150,860,210,79,sprint,,,,,,,0.12014775568394884,0.0,0.0617370349072603,0.0,0.08314017111751024,0.0
1150,862,214,79,gp,0.23946586051347238,0.0,0.024745559847108366,0.0,0.0038520408163265304,0.0,,,,,,
1150,862,214,79,sprint,,,,,,,0.11934214879232258,0.0,0.05031604382744128,0.0,0.04232744475563318,0.0
1150,863,131,79,gp,0.6931823823978722,1.0,0.3364076624691828,0.0,0.12055589946350173,0.0,,,,,,
1150,863,131,79,sprint,,,,,,,0.6301337067173653,1.0,0.4105444051245038,0.0,0.27395323157738455,0.0
1150,864,15,79,gp,0.2652172875775264,0.0,0.046888836154982017,0.0,0.02576791891574199,0.0,,,,,,
1150,864,15,79,sprint,,,,,,,0.078770475857673,0.0,0.007256206738124316,0.0,0.0011658456486042692,0.0
1150,865,215,79,gp,0.19986160490417326,0.0,0.014156168277308027,0.0,0.0017225274725274722,0.0,,,,,,
1150,865,215,79,sprint,,,,,,,0.09923562969467732,0.0,0.00425468477882271,0.0,0.007334782488605937,0.0
1151,1,6,21,gp,0.8468791319791326,1.0,0.4032260441134032,1.0,0.2560287594875601,0.0,,,,,,
1151,4,117,21,gp,0.45576425122496533,1.0,0.298293773606379,0.0,0.025348639180970557,0.0,,,,,,
1151,807,15,21,gp,0.24854463087070292,0.0,0.11674946870529494,0.0,0.016533366961211465,0.0,,,,,,
1151,830,9,21,gp,0.9307625706582472,1.0,0.6991780573101949,1.0,0.5920452638012658,1.0,,,,,,
1151,832,3,21,gp,0.35428613569776496,0.0,0.10566826659980137,0.0,0.056141640956714256,0.0,,,,,,
1151,839,210,21,gp,0.170984493655298,0.0,0.04926864081483537,0.0,0.01723308140303379,0.0,,,,,,
1151,840,117,21,gp,0.41750204256746576,1.0,0.12188375886010268,0.0,0.010870977726208009,0.0,,,,,,
1151,842,214,21,gp,0.39682744766753975,0.0,0.05889796535510791,0.0,0.013647005085548176,0.0,,,,,,
1151,844,6,21,gp,0.8027431883009611,1.0,0.5999655615387571,1.0,0.18914629831493074,0.0,,,,,,
1151,846,1,21,gp,0.6228232056164387,1.0,0.37457128081463403,0.0,0.1500206059901084,0.0,,,,,,
1151,847,131,21,gp,0.8277240616526327,1.0,0.23994249024777103,0.0,0.061417595250913816,0.0,,,,,,
1151,848,3,21,gp,0.37108017509883895,0.0,0.053601940972545024,0.0,0.0054287327579253045,0.0,,,,,,
1151,852,9,21,gp,0.7479190768595213,1.0,0.35399196771548525,0.0,0.0698973267221202,0.0,,,,,,
1151,857,1,21,gp,0.68447588829013,1.0,0.3268805323564088,0.0,0.050721802230118365,0.0,,,,,,
1151,859,215,21,gp,0.2118523485598328,0.0,0.019768817392110567,0.0,0.0166117231972624,0.0,,,,,,
1151,860,210,21,gp,0.1766121350566309,0.0,0.036749056244549834,0.0,0.009594131963884187,0.0,,,,,,
1151,861,214,21,gp,0.26663846430180455,0.0,0.03993212800347546,0.0,0.0010439560439560438,0.0,,,,,,
1151,863,131,21,gp,0.6974418893475051,1.0,0.3600156075312808,0.0,0.11215214533677657,0.0,,,,,,
1151,864,15,21,gp,0.28301644266466247,0.0,0.04447483195733262,0.0,0.027001685149508223,0.0,,,,,,
1151,865,215,21,gp,0.15265551971951666,0.0,0.0167911225545421,0.0,0.0017225274725274722,0.0,,,,,,
1152,1,6,6,gp,0.9420331684188826,1.0,0.5413322273323312,1.0,0.2502598235376042,0.0,,,,,,
1152,4,117,6,gp,0.46451836985192824,1.0,0.2619466666579956,0.0,0.03260218475425998,0.0,,,,,,
1152,807,15,6,gp,0.2000043149774459,0.0,0.09554510323556469,0.0,0.022627658342629167,0.0,,,,,,
1152,830,9,6,gp,0.9593994060328094,1.0,0.6925213046944215,1.0,0.573257598463541,1.0,,,,,,
1152,832,3,6,gp,0.33930638132515345,0.0,0.1131167946764349,0.0,0.08769006239712182,0.0,,,,,,
1152,839,210,6,gp,0.22252757379988206,0.0,0.047231397884904,0.0,0.017326368384569676,0.0,,,,,,
1152,840,117,6,gp,0.4875335339518979,1.0,0.12938290546050674,0.0,0.026713772309343325,0.0,,,,,,
1152,842,214,6,gp,0.38221066073684323,0.0,0.08627650275788469,0.0,0.022695360516075732,0.0,,,,,,
1152,844,6,6,gp,0.7846251996136447,1.0,0.5055659360228936,1.0,0.20422051227859425,0.0,,,,,,
1152,846,1,6,gp,0.5825098859995474,1.0,0.3134247018361518,0.0,0.11551615096927204,0.0,,,,,,
1152,847,131,6,gp,0.7389138636806702,1.0,0.30583486856680414,0.0,0.08421984707350165,0.0,,,,,,
1152,848,3,6,gp,0.3477088079039424,0.0,0.05765684065482789,0.0,0.00322557876905703,0.0,,,,,,
1152,852,9,6,gp,0.7610569078660497,1.0,0.38048283533484933,0.0,0.092367966695379,0.0,,,,,,
1152,857,1,6,gp,0.6509528465559534,1.0,0.24229656946425654,0.0,0.0863541522134689,0.0,,,,,,
1152,859,215,6,gp,0.2208425594071865,0.0,0.022129129814890885,0.0,0.01690615418999848,0.0,,,,,,
1152,860,210,6,gp,0.16498575934788026,0.0,0.043248635325442125,0.0,0.007941743872215737,0.0,,,,,,
1152,861,214,6,gp,0.28947484460904965,0.0,0.04137015128132237,0.0,0.00132404181184669,0.0,,,,,,
1152,863,131,6,gp,0.6686605800872041,1.0,0.28824674181041454,0.0,0.12815814928205807,0.0,,,,,,
1152,864,15,6,gp,0.2404552399784598,0.0,0.05045949346899973,0.0,0.027091960727588682,0.0,,,,,,
1152,865,215,6,gp,0.1736163168588852,0.0,0.01663514433850717,0.0,0.0017225274725274722,0.0,,,,,,
1153,1,6,4,gp,0.904085863739435,1.0,0.6880113216100209,1.0,0.250545966231816,0.0,,,,,,
1153,4,117,4,gp,0.45065383223219374,1.0,0.22777069751607967,0.0,0.02214159826007516,0.0,,,,,,
1153,807,15,4,gp,0.19412127201667184,0.0,0.07278895491047448,0.0,0.01648196397488511,0.0,,,,,,
1153,830,9,4,gp,0.9438325702075705,1.0,0.7639201478274784,1.0,0.5907239271601202,1.0,,,,,,
1153,832,3,4,gp,0.3413610072547793,0.0,0.10787307045669299,0.0,0.08915505577966464,0.0,,,,,,
1153,839,210,4,gp,0.19291491661579618,0.0,0.031178344864534243,0.0,0.017962345926524546,0.0,,,,,,
1153,842,214,4,gp,0.3540903009379116,1.0,0.04061596428757148,0.0,0.016804947138404188,0.0,,,,,,
1153,844,6,4,gp,0.7297267985282696,1.0,0.5403074564911838,1.0,0.18768314197257113,0.0,,,,,,
1153,846,1,4,gp,0.5883412074558696,1.0,0.312200280340201,0.0,0.10345862979113475,0.0,,,,,,
1153,847,131,4,gp,0.7095949144226459,1.0,0.32532393303203244,0.0,0.04961340560417141,0.0,,,,,,
1153,848,3,4,gp,0.31242362285089986,0.0,0.04457525510202364,0.0,0.0030148423005565863,0.0,,,,,,
1153,852,9,4,gp,0.7301421069806607,1.0,0.36440296812918427,0.0,0.07420778783675286,0.0,,,,,,
1153,857,1,4,gp,0.6109728012744376,1.0,0.24583443807051894,0.0,0.056224801259790624,0.0,,,,,,
1153,859,215,4,gp,0.18118697689446114,0.0,0.01466190613197171,0.0,0.017991868475712765,0.0,,,,,,
1153,860,210,4,gp,0.1401028790395797,0.0,0.033096609897759206,0.0,0.008171638201488947,0.0,,,,,,
1153,861,214,4,gp,0.2947014116927595,0.0,0.02840541538086525,0.0,0.0,0.0,,,,,,
1153,863,131,4,gp,0.7346443730216274,1.0,0.3902839555215622,0.0,0.11374031565147931,0.0,,,,,,
1153,864,15,4,gp,0.23377722868070053,0.0,0.03408053316090294,0.0,0.021771214818642217,0.0,,,,,,
1153,865,215,4,gp,0.1399052358763756,0.0,0.012371679314354346,0.0,0.0017225274725274722,0.0,,,,,,
1154,1,6,7,gp,0.9211271954236242,1.0,0.7237516262545609,1.0,0.25013756162537915,0.0,,,,,,
1154,4,117,7,gp,0.4727133781582811,1.0,0.24114656631779507,0.0,0.022524557608219923,0.0,,,,,,
1154,807,15,7,gp,0.22044309888261637,0.0,0.08656124766283983,0.0,0.01748309601888794,0.0,,,,,,
1154,830,9,7,gp,0.9539510667903527,1.0,0.7655926998388798,1.0,0.6001085072834627,1.0,,,,,,
1154,832,3,7,gp,0.36083760523662933,0.0,0.08986370106978037,0.0,0.043609225818841135,0.0,,,,,,
1154,839,210,7,gp,0.24968127525715483,0.0,0.044989272585330704,0.0,0.02430594537082455,0.0,,,,,,
1154,840,117,7,gp,0.4220975827403501,1.0,0.12326620119706236,0.0,0.02059169628670801,0.0,,,,,,
1154,842,214,7,gp,0.3469297809023916,0.0,0.07641013897695796,0.0,0.013555978295318748,0.0,,,,,,
1154,844,6,7,gp,0.7609403765002505,1.0,0.5858907497205301,1.0,0.18335759614841557,0.0,,,,,,
1154,846,1,7,gp,0.579659306962879,1.0,0.295833050533561,0.0,0.10006032158687568,0.0,,,,,,
1154,847,131,7,gp,0.7169516629495624,1.0,0.2948283971411841,0.0,0.0462079740290359,0.0,,,,,,
1154,848,3,7,gp,0.376372120781541,0.0,0.04016693537757147,0.0,0.0032792207792207793,0.0,,,,,,
1154,852,9,7,gp,0.7124908177936574,1.0,0.27674130031027055,0.0,0.1077556119664012,0.0,,,,,,
1154,857,1,7,gp,0.6695568798942305,1.0,0.21913046648929274,0.0,0.06898387857012563,0.0,,,,,,
1154,859,215,7,gp,0.20178221498969917,0.0,0.02008421777478025,0.0,0.017991868475712765,0.0,,,,,,
1154,860,210,7,gp,0.1603826969107842,0.0,0.039853990939306465,0.0,0.01046666081573733,0.0,,,,,,
1154,861,214,7,gp,0.2946677945162853,0.0,0.03452001944796865,0.0,0.0,0.0,,,,,,
1154,863,131,7,gp,0.7413593277680949,1.0,0.3731654454505219,0.0,0.11141706211465036,0.0,,,,,,
1154,864,15,7,gp,0.23639605429952615,0.0,0.04354624234338749,0.0,0.02300498105240845,0.0,,,,,,
1154,865,215,7,gp,0.16748048840162819,0.0,0.018854506847343362,0.0,0.0017225274725274722,0.0,,,,,,
1155,1,6,70,gp,0.9408925788497217,1.0,0.6570239872668825,1.0,0.23264702447503996,0.0,,,,,,
1155,4,117,70,gp,0.4831389787322117,1.0,0.25161412450707654,0.0,0.04019100632798606,0.0,,,,,,
1155,807,15,70,gp,0.2275329856531755,0.0,0.08093018670232219,0.0,0.01878947034015545,0.0,,,,,,
1155,830,9,70,gp,0.9408462014176302,1.0,0.7342427664160711,1.0,0.584728627198766,1.0,,,,,,
1155,832,3,70,gp,0.3553999504544367,0.0,0.0935410147224485,0.0,0.10062094287539708,0.0,,,,,,
1155,839,210,70,gp,0.19693449029608412,0.0,0.04007120148408326,0.0,0.03202256265847148,0.0,,,,,,
1155,840,117,70,gp,0.4360809755392562,1.0,0.1190635796336069,0.0,0.028216523714176503,0.0,,,,,,
1155,842,214,70,gp,0.3770709254721077,0.0,0.04940990231620155,0.0,0.027701932054626177,0.0,,,,,,
1155,844,6,70,gp,0.8723344486978939,1.0,0.6807834822932385,1.0,0.1859445945574007,0.0,,,,,,
1155,846,1,70,gp,0.5775769261023024,1.0,0.3582463680427438,0.0,0.13319151306654603,0.0,,,,,,
1155,847,131,70,gp,0.74083229818734,1.0,0.3251302872648332,0.0,0.03839698545793878,0.0,,,,,,
1155,848,3,70,gp,0.32990344659858084,0.0,0.04487832212562173,0.0,0.004025557775557775,0.0,,,,,,
1155,852,9,70,gp,0.7523030942193788,1.0,0.3672703273146585,0.0,0.08875497583820334,0.0,,,,,,
1155,857,1,70,gp,0.5746899487394849,1.0,0.23116105311532165,0.0,0.06984453444653242,0.0,,,,,,
1155,859,215,70,gp,0.20930990291024415,0.0,0.014522739742805322,0.0,0.019339604701155345,0.0,,,,,,
1155,860,210,70,gp,0.16680357410933752,0.0,0.038152538330184164,0.0,0.006746153633147236,0.0,,,,,,
1155,861,214,70,gp,0.29428466970458883,0.0,0.034046658965205534,0.0,0.0,0.0,,,,,,
1155,863,131,70,gp,0.7126285307872977,1.0,0.36739786699596666,0.0,0.17281110200128172,0.0,,,,,,
1155,864,15,70,gp,0.2300443900907191,0.0,0.05078702589021875,0.0,0.035436102185857486,0.0,,,,,,
1155,865,215,70,gp,0.1548806334946304,0.0,0.011292348853239256,0.0,0.0017225274725274722,0.0,,,,,,
1156,1,6,9,gp,0.8578335663292431,1.0,0.7265975985525104,1.0,0.2535893962272708,0.0,,,,,,
1156,4,117,9,gp,0.44463083382905355,1.0,0.2092961423863878,0.0,0.03464085457406826,0.0,,,,,,
1156,807,15,9,gp,0.2088558198905386,0.0,0.06780744226042487,0.0,0.022394770370014132,0.0,,,,,,
1156,830,9,9,gp,0.9524617643094535,1.0,0.7139101704647882,1.0,0.5652908727270203,1.0,,,,,,
1156,832,3,9,gp,0.3510567908129579,0.0,0.0872260359840769,0.0,0.07812695078422925,0.0,,,,,,
1156,839,210,9,gp,0.19123510436455537,0.0,0.034616819800334056,0.0,0.041859669333145784,0.0,,,,,,
1156,840,117,9,gp,0.3708285474118276,0.0,0.11427404525162094,0.0,0.023006975680923334,0.0,,,,,,
1156,842,214,9,gp,0.3928659765989258,1.0,0.0430032855326704,0.0,0.027016961332296655,0.0,,,,,,
1156,844,6,9,gp,0.8793602051543227,1.0,0.6833932981637442,1.0,0.18226614915530895,0.0,,,,,,
1156,846,1,9,gp,0.5868892506824838,1.0,0.35764286058596717,0.0,0.11494119052041234,0.0,,,,,,
1156,847,131,9,gp,0.7634336221668154,1.0,0.3053585540911619,0.0,0.04879804258136817,0.0,,,,,,
1156,848,3,9,gp,0.3516726892606806,0.0,0.03881249648294598,0.0,0.0043452975595832735,0.0,,,,,,
1156,852,9,9,gp,0.7588966058664617,1.0,0.379393259518406,0.0,0.07256162689428469,0.0,,,,,,
1156,857,1,9,gp,0.6916559830553087,1.0,0.35053967328864677,0.0,0.05403732123269976,0.0,,,,,,
1156,859,215,9,gp,0.23809422928563773,0.0,0.03709266949847609,0.0,0.01858848347052152,0.0,,,,,,
1156,860,210,9,gp,0.15767984619007622,0.0,0.03805738772554169,0.0,0.009188736328510517,0.0,,,,,,
1156,861,214,9,gp,0.30267555263118623,0.0,0.03750211291626786,0.0,0.00132404181184669,0.0,,,,,,
1156,863,131,9,gp,0.7144473809380806,1.0,0.3579470091764676,0.0,0.11430726543024806,0.0,,,,,,
1156,864,15,9,gp,0.21536618337679816,0.0,0.04069709566237013,0.0,0.025457327938774702,0.0,,,,,,
1156,865,215,9,gp,0.14257843569243264,0.0,0.012641555202445606,0.0,0.0017225274725274722,0.0,,,,,,
1157,1,6,13,gp,0.8796065295815296,1.0,0.6121975168545016,1.0,0.24305938933601964,0.0,,,,,,
1157,1,6,13,sprint,,,,,,,0.8370461381061598,1.0,0.5469320388808905,1.0,0.12864077096621948,0.0
1157,4,117,13,gp,0.42660076590076623,1.0,0.22736246697836493,0.0,0.034370738230391495,0.0,,,,,,
1157,4,117,13,sprint,,,,,,,0.34509948497886306,0.0,0.1316138443311468,0.0,0.009580152999132768,0.0
1157,807,15,13,gp,0.24242510821192775,0.0,0.06475114781952607,0.0,0.0204847718446904,0.0,,,,,,
1157,807,15,13,sprint,,,,,,,0.3230137140439227,0.0,0.0306757342876233,0.0,0.012493058534935646,0.0
1157,830,9,13,gp,0.9436907020383909,1.0,0.7358564647886909,1.0,0.5927855182207182,1.0,,,,,,
1157,830,9,13,sprint,,,,,,,0.9071431357236904,1.0,0.7238654280514688,1.0,0.5521695300248988,1.0
1157,832,3,13,gp,0.34951453148498435,0.0,0.10002100895840434,0.0,0.060336059262224975,0.0,,,,,,
1157,832,3,13,sprint,,,,,,,0.40725537182581095,0.0,0.13460991672164843,0.0,0.0500566554889617,0.0
1157,839,210,13,gp,0.21229454273320422,0.0,0.03984304086322111,0.0,0.030307190179164334,0.0,,,,,,
1157,839,210,13,sprint,,,,,,,0.1560164569753019,0.0,0.06390699975109637,0.0,0.004859158913934407,0.0
1157,840,117,13,gp,0.4114069670081044,1.0,0.11918325441702889,0.0,0.024220999366492694,0.0,,,,,,
1157,840,117,13,sprint,,,,,,,0.2361494808681547,0.0,0.05783959552621173,0.0,0.024089670818206805,0.0
1157,842,214,13,gp,0.3748726693631373,0.0,0.06038780223114505,0.0,0.026230238126907095,0.0,,,,,,
1157,842,214,13,sprint,,,,,,,0.20728829737961738,0.0,0.11255754859418456,0.0,0.0,0.0
1157,844,6,13,gp,0.8161038380387119,1.0,0.674398424131877,1.0,0.1839611752106965,0.0,,,,,,
1157,844,6,13,sprint,,,,,,,0.9114560572126337,1.0,0.6255339284371495,1.0,0.26392788807477224,0.0
1157,846,1,13,gp,0.601413952171471,1.0,0.36293259823000745,0.0,0.11329901375172056,0.0,,,,,,
1157,846,1,13,sprint,,,,,,,0.6600403422590704,1.0,0.36127863470679844,0.0,0.042989738343343575,0.0
1157,847,131,13,gp,0.8760727640706635,1.0,0.3517805934011262,0.0,0.05075770270106716,0.0,,,,,,
1157,847,131,13,sprint,,,,,,,0.9363410273338221,1.0,0.23343215340085433,0.0,0.09951783912958724,0.0
1157,848,3,13,gp,0.3409873745753659,0.0,0.05008519481050284,0.0,0.0006168831168831166,0.0,,,,,,
1157,848,3,13,sprint,,,,,,,0.28430778528627737,0.0,0.04308361756704623,0.0,0.007184482678245266,0.0
1157,852,9,13,gp,0.7772053263243419,1.0,0.3784577401058672,0.0,0.07493509398475802,0.0,,,,,,
1157,852,9,13,sprint,,,,,,,0.6814997540222137,1.0,0.23845154519229814,0.0,0.15594940163265497,0.0
1157,857,1,13,gp,0.6581050553477025,1.0,0.30950537599173067,0.0,0.09560568524122186,0.0,,,,,,
1157,857,1,13,sprint,,,,,,,0.66239680608386,1.0,0.37377489266588815,0.0,0.07447672918347173,0.0
1157,859,215,13,gp,0.17107651196256776,0.0,0.0175447026692891,0.0,0.018816492555784787,0.0,,,,,,
1157,859,215,13,sprint,,,,,,,0.1559584994638546,0.0,0.02485030179846655,0.0,0.04740407524091635,0.0
1157,860,210,13,gp,0.1922457616263035,0.0,0.038980125569319804,0.0,0.014073394564270387,0.0,,,,,,
1157,860,210,13,sprint,,,,,,,0.11217475826476522,0.0,0.06136127733150273,0.0,0.0704499290177206,0.0
1157,861,214,13,gp,0.3182824060951825,0.0,0.03596968748270117,0.0,0.00132404181184669,0.0,,,,,,
1157,861,214,13,sprint,,,,,,,0.16365287712474724,0.0,0.045764126905836956,0.0,0.03168028166625387,0.0
1157,863,131,13,gp,0.7118091512872455,1.0,0.3912377670347767,0.0,0.1285413731540987,0.0,,,,,,
1157,863,131,13,sprint,,,,,,,0.6132935825459563,1.0,0.40356063868353803,0.0,0.2759991697103557,0.0
1157,864,15,13,gp,0.225246407611014,0.0,0.04155367852755067,0.0,0.013119190659062538,0.0,,,,,,
1157,864,15,13,sprint,,,,,,,0.12085870505938597,0.0,0.009199780405835915,0.0,0.0,0.0
1157,865,215,13,gp,0.1419514634583176,0.0,0.012624196369418568,0.0,0.0017225274725274722,0.0,,,,,,
1157,865,215,13,sprint,,,,,,,0.09396766075039606,0.0,0.00425468477882271,0.0,0.006168936840001669,0.0
1158,1,6,11,gp,0.9025490672026389,1.0,0.6162905803535015,1.0,0.23592880376399566,0.0,,,,,,
1158,4,117,11,gp,0.48085008878045155,1.0,0.23471203251517314,0.0,0.05821004498204235,0.0,,,,,,
1158,807,15,11,gp,0.18163084134556884,0.0,0.07839762314292983,0.0,0.02741230724970144,0.0,,,,,,
1158,830,9,11,gp,0.9632775815454387,1.0,0.7330655357404102,1.0,0.5870820156229474,1.0,,,,,,
1158,832,3,11,gp,0.3045522715227242,0.0,0.10883326286622245,0.0,0.10829193236168737,0.0,,,,,,
1158,839,210,11,gp,0.1966556478978809,0.0,0.0398466412498835,0.0,0.02368082109678331,0.0,,,,,,
1158,840,117,11,gp,0.4619722896406537,1.0,0.11630484258912621,0.0,0.025198309321953022,0.0,,,,,,
1158,842,214,11,gp,0.36481654190663393,0.0,0.04214529008428594,0.0,0.018963045576854087,0.0,,,,,,
1158,844,6,11,gp,0.7972123799403218,1.0,0.5800447992513786,1.0,0.19133516934497935,0.0,,,,,,
1158,846,1,11,gp,0.563521550921927,1.0,0.36559223764394116,0.0,0.1483850150364703,0.0,,,,,,
1158,847,131,11,gp,0.8083805596830809,1.0,0.3581251751501447,0.0,0.0484934035201135,0.0,,,,,,
1158,848,3,11,gp,0.3241154468998667,0.0,0.05358721443843747,0.0,0.00322557876905703,0.0,,,,,,
1158,852,9,11,gp,0.7943327788204919,1.0,0.3485957173074387,0.0,0.07225981266701427,0.0,,,,,,
1158,857,1,11,gp,0.6700192253219118,1.0,0.35088622969817823,0.0,0.08355133063413597,0.0,,,,,,
1158,859,215,11,gp,0.22423894171606443,0.0,0.025567235076575906,0.0,0.01727183268789011,0.0,,,,,,
1158,860,210,11,gp,0.1471863912323356,0.0,0.039510677034680385,0.0,0.010337765870397201,0.0,,,,,,
1158,861,214,11,gp,0.300608952564586,0.0,0.029185132584754157,0.0,0.00132404181184669,0.0,,,,,,
1158,863,131,11,gp,0.6703022755459054,1.0,0.28214564340997755,0.0,0.1250443578060321,0.0,,,,,,
1158,864,15,11,gp,0.261226660084964,0.0,0.04698475811092745,0.0,0.03684944517271963,0.0,,,,,,
1158,865,215,11,gp,0.18388139998142175,0.0,0.02415808293696646,0.0,0.0006785714285714283,0.0,,,,,,
1159,1,6,39,gp,0.8635960209258531,1.0,0.46653455802852706,1.0,0.24381995612076646,0.0,,,,,,
1159,4,117,39,gp,0.45853291284247744,1.0,0.27647542879293135,0.0,0.010663858708579204,0.0,,,,,,
1159,807,15,39,gp,0.2408194275026424,0.0,0.12372539853179092,0.0,0.011221255677050493,0.0,,,,,,
1159,830,9,39,gp,0.9371682443496359,1.0,0.7438804078983396,1.0,0.59857552979123,1.0,,,,,,
1159,832,3,39,gp,0.34691854891946383,0.0,0.11351969280448906,0.0,0.06628477781975489,0.0,,,,,,
1159,839,210,39,gp,0.17372343328709486,0.0,0.055083066169624155,0.0,0.011314536338093671,0.0,,,,,,
1159,840,117,39,gp,0.3974430975442352,1.0,0.11809126262599709,0.0,0.015158333929110677,0.0,,,,,,
1159,842,214,39,gp,0.38745148708156973,0.0,0.07945034617302672,0.0,0.0035481220794052184,0.0,,,,,,
1159,844,6,39,gp,0.7489439368987694,1.0,0.5831375708602452,1.0,0.18068782442627893,0.0,,,,,,
1159,846,1,39,gp,0.5937616653826298,1.0,0.3341560944704491,0.0,0.08958807242925201,0.0,,,,,,
1159,847,131,39,gp,0.6892018509035316,1.0,0.29186254711366355,0.0,0.040537293804292385,0.0,,,,,,
1159,848,3,39,gp,0.3321796247854734,0.0,0.04445445084790648,0.0,0.001974025974025974,0.0,,,,,,
1159,852,9,39,gp,0.697062908401462,1.0,0.32467774871067157,0.0,0.08728594934118408,0.0,,,,,,
1159,857,1,39,gp,0.6899765257245907,1.0,0.25107381381274324,0.0,0.06579112263076045,0.0,,,,,,
1159,859,215,39,gp,0.1760562821923379,0.0,0.016039982973256147,0.0,0.01791674453642021,0.0,,,,,,
1159,860,210,39,gp,0.1659442339884397,0.0,0.06271293483668613,0.0,0.009312983628548661,0.0,,,,,,
1159,861,214,39,gp,0.31962167397016444,0.0,0.035539897063896216,0.0,0.0010439560439560438,0.0,,,,,,
1159,863,131,39,gp,0.7328407507261876,1.0,0.3548459121043381,0.0,0.0794230661380124,0.0,,,,,,
1159,864,15,39,gp,0.21474023894308064,0.0,0.032955639463636714,0.0,0.010625238473558729,0.0,,,,,,
1159,865,215,39,gp,0.14180075702189684,0.0,0.014999081152282498,0.0,0.0017225274725274722,0.0,,,,,,
1160,1,6,14,gp,0.9378815759637182,1.0,0.5989781818332309,1.0,0.23770933083717258,0.0,,,,,,
1160,4,117,14,gp,0.4377852772344368,1.0,0.2262343043629507,0.0,0.034218461154711784,0.0,,,,,,
1160,807,15,14,gp,0.1985486774776907,0.0,0.07436660574993771,0.0,0.01647833960082355,0.0,,,,,,
1160,830,9,14,gp,0.9284275346502233,1.0,0.6859987016788535,1.0,0.5794089499762732,1.0,,,,,,
1160,832,3,14,gp,0.3280011480430293,0.0,0.09668123559394254,0.0,0.09923285587272425,0.0,,,,,,
1160,839,210,14,gp,0.1791205520413565,0.0,0.04045316803762156,0.0,0.03838356430077173,0.0,,,,,,
1160,840,117,14,gp,0.4539927883995981,1.0,0.11300927426687934,0.0,0.024638711862845487,0.0,,,,,,
1160,842,214,14,gp,0.36265776720180654,0.0,0.03666427241176282,0.0,0.015150594751954082,0.0,,,,,,
1160,844,6,14,gp,0.904663505145648,1.0,0.6960455108454915,1.0,0.1877793496976326,0.0,,,,,,
1160,846,1,14,gp,0.5874772737705071,1.0,0.3584998449346005,0.0,0.1456489041818975,0.0,,,,,,
1160,847,131,14,gp,0.8484627830153039,1.0,0.38023388454314394,0.0,0.07723394370737084,0.0,,,,,,
1160,848,3,14,gp,0.35271279201506905,0.0,0.04484522942887537,0.0,0.0006168831168831166,0.0,,,,,,
1160,852,9,14,gp,0.7455338303366696,1.0,0.30474531718266507,0.0,0.08440688786550023,0.0,,,,,,
1160,857,1,14,gp,0.6864641883887239,1.0,0.2993935138967047,0.0,0.059506010376531124,0.0,,,,,,
1160,859,215,14,gp,0.16871268927731656,0.0,0.016995350199197908,0.0,0.017730778270070503,0.0,,,,,,
1160,860,210,14,gp,0.1427535264780423,0.0,0.03607345241099398,0.0,0.010337765870397201,0.0,,,,,,
1160,861,214,14,gp,0.2955539044381094,0.0,0.03226044795176746,0.0,0.0025865002836074876,0.0,,,,,,
1160,863,131,14,gp,0.7409847177842411,1.0,0.425686823517045,0.0,0.1207160126742856,0.0,,,,,,
1160,864,15,14,gp,0.21972788108618496,0.0,0.031010706059630216,0.0,0.009389007798444895,0.0,,,,,,
1160,865,215,14,gp,0.16882487179601163,0.0,0.012448811438273272,0.0,0.0017225274725274722,0.0,,,,,,
1161,1,6,73,gp,0.8836474171486782,1.0,0.5049112337042488,1.0,0.25093028686916574,0.0,,,,,,
1161,4,117,73,gp,0.4526739613364669,1.0,0.24065322985192922,0.0,0.0368681695210913,0.0,,,,,,
1161,807,15,73,gp,0.25451206490602746,0.0,0.10091205839552153,0.0,0.02260061914231467,0.0,,,,,,
1161,830,9,73,gp,0.921006899729589,1.0,0.6493187406513938,1.0,0.539227231537993,1.0,,,,,,
1161,832,3,73,gp,0.36979521905138624,0.0,0.09153603723548295,0.0,0.0593160886666771,0.0,,,,,,
1161,839,210,73,gp,0.20072242061972875,0.0,0.060685041686751595,0.0,0.02111225619920296,0.0,,,,,,
1161,840,117,73,gp,0.46699208031364015,1.0,0.11953952872363116,0.0,0.015232310032070078,0.0,,,,,,
1161,842,214,73,gp,0.4145291894303717,0.0,0.07226707789095749,0.0,0.01792851010781975,0.0,,,,,,
1161,844,6,73,gp,0.8173072695278579,1.0,0.5889034889708408,1.0,0.19319145258856402,0.0,,,,,,
1161,846,1,73,gp,0.6068704559851176,1.0,0.39094406207499527,0.0,0.13969746111556222,0.0,,,,,,
1161,847,131,73,gp,0.7616328869543157,1.0,0.34309893662428326,0.0,0.0723443415135904,0.0,,,,,,
1161,848,3,73,gp,0.3236997078769852,0.0,0.045937576628614064,0.0,0.0020208240035826243,0.0,,,,,,
1161,852,9,73,gp,0.7743467555067379,1.0,0.3819428526218189,0.0,0.12392847465046854,0.0,,,,,,
1161,857,1,73,gp,0.6694801922261562,1.0,0.2889115623832064,0.0,0.07497273153795825,0.0,,,,,,
1161,859,215,73,gp,0.17771048909654505,0.0,0.03593556112544236,0.0,0.020443027776989163,0.0,,,,,,
1161,860,210,73,gp,0.13501349620019684,0.0,0.05081075423878126,0.0,0.006761619648613252,0.0,,,,,,
1161,861,214,73,gp,0.3272395362665982,0.0,0.03474296265567526,0.0,0.0025578080456129236,0.0,,,,,,
1161,863,131,73,gp,0.672835776506098,1.0,0.29974502683394094,0.0,0.14234486353583586,0.0,,,,,,
1161,864,15,73,gp,0.21753226753221214,0.0,0.04796749114420042,0.0,0.0020682148040638607,0.0,,,,,,
1161,865,215,73,gp,0.15091082156053282,0.0,0.02112981334503201,0.0,0.0017225274725274722,0.0,,,,,,
1162,1,6,15,gp,0.9435414399092967,1.0,0.6487845568341908,1.0,0.25088485202714605,0.0,,,,,,
1162,4,117,15,gp,0.4448384448884451,1.0,0.22777960223475632,0.0,0.026899286861213595,0.0,,,,,,
1162,807,15,15,gp,0.20134373020618,0.0,0.08016093406195286,0.0,0.023729315057649934,0.0,,,,,,
1162,830,9,15,gp,0.9567471693805729,1.0,0.7040294907711381,1.0,0.5826809318657299,1.0,,,,,,
1162,832,3,15,gp,0.3321521438725966,0.0,0.10326278028463722,0.0,0.09420485260481554,0.0,,,,,,
1162,839,210,15,gp,0.24023940760100138,0.0,0.049850712842407115,0.0,0.02629563592079994,0.0,,,,,,
1162,840,117,15,gp,0.46267488361530673,1.0,0.12012510999642526,0.0,0.021015700988476174,0.0,,,,,,
1162,842,214,15,gp,0.36814181472777946,0.0,0.059014330426409085,0.0,0.012486631359193822,0.0,,,,,,
1162,844,6,15,gp,0.8350622803900114,1.0,0.5947916781573657,1.0,0.21237354406985012,0.0,,,,,,
1162,846,1,15,gp,0.641377447009965,1.0,0.4200003955694567,0.0,0.15840070972563167,0.0,,,,,,
1162,847,131,15,gp,0.7296263580024087,1.0,0.30370276826348197,0.0,0.06482655403849548,0.0,,,,,,
1162,848,3,15,gp,0.3508459643982416,0.0,0.04154902910151047,0.0,0.00322557876905703,0.0,,,,,,
1162,852,9,15,gp,0.6868361074246613,1.0,0.24693861040149045,0.0,0.11545140637418291,0.0,,,,,,
1162,857,1,15,gp,0.6911189529752113,1.0,0.3429439196082446,0.0,0.07389064322940304,0.0,,,,,,
1162,859,215,15,gp,0.1875679535275387,0.0,0.017701735344962752,0.0,0.01791674453642021,0.0,,,,,,
1162,860,210,15,gp,0.14453210702447997,0.0,0.041115902785965365,0.0,0.01046666081573733,0.0,,,,,,
1162,861,214,15,gp,0.2921757567921046,0.0,0.03528235166170324,0.0,0.00132404181184669,0.0,,,,,,
1162,863,131,15,gp,0.7378265932290581,1.0,0.3649612426188084,0.0,0.15734242257622374,0.0,,,,,,
1162,864,15,15,gp,0.20990364917896984,0.0,0.034929273474633905,0.0,0.0033607318108665814,0.0,,,,,,
1162,865,215,15,gp,0.15715952563423685,0.0,0.011121218367508555,0.0,0.0017225274725274722,0.0,,,,,,
1163,1,6,69,gp,0.8085969558219557,1.0,0.5717769592355002,1.0,0.24556123318316272,0.0,,,,,,
1163,1,6,69,sprint,,,,,,,0.8436372340269421,1.0,0.5608822861123691,1.0,0.1325626106785354,0.0
1163,4,117,69,gp,0.428240785544987,1.0,0.2272038163593505,0.0,0.027351517937040545,0.0,,,,,,
1163,4,117,69,sprint,,,,,,,0.37745997120076685,0.0,0.09240951736611759,0.0,0.009344058117872344,0.0
1163,807,15,69,gp,0.19911254868928419,0.0,0.06430895436157817,0.0,0.016483248223090587,0.0,,,,,,
1163,807,15,69,sprint,,,,,,,0.25167975893231953,0.0,0.022675720213453012,0.0,0.012493058534935646,0.0
1163,830,9,69,gp,0.9132586837765413,1.0,0.7330573278069548,1.0,0.5855461078594034,1.0,,,,,,
1163,830,9,69,sprint,,,,,,,0.8848312552083735,1.0,0.6981127262048124,1.0,0.563129205203669,1.0
1163,832,3,69,gp,0.3432316358092313,0.0,0.11758431070413158,0.0,0.07690073661024187,0.0,,,,,,
1163,832,3,69,sprint,,,,,,,0.3759737970426629,0.0,0.16148898318457364,0.0,0.06211805589755446,0.0
1163,839,210,69,gp,0.21553617036204978,0.0,0.04191826663126567,0.0,0.01394223934433689,0.0,,,,,,
1163,839,210,69,sprint,,,,,,,0.2711127764425557,0.0,0.04914692721485084,0.0,0.011300531684543154,0.0
1163,840,117,69,gp,0.46304117663601185,1.0,0.12450048774725113,0.0,0.013852390710084924,0.0,,,,,,
1163,840,117,69,sprint,,,,,,,0.2772713762812853,0.0,0.05062706083710044,0.0,0.024027795831823663,0.0
1163,842,214,69,gp,0.3779453823644219,0.0,0.05281084647772364,0.0,0.016974702533321815,0.0,,,,,,
1163,842,214,69,sprint,,,,,,,0.27010114534151314,0.0,0.056631370999422614,0.0,0.0,0.0
1163,844,6,69,gp,0.7839479011884474,1.0,0.6172268627529445,1.0,0.17894854934433832,0.0,,,,,,
1163,844,6,69,sprint,,,,,,,0.9210300575376906,1.0,0.7527264826663954,1.0,0.3200836116621122,0.0
1163,846,1,69,gp,0.5840375918371277,1.0,0.3934850283229065,0.0,0.13049491823166992,0.0,,,,,,
1163,846,1,69,sprint,,,,,,,0.6425740985169319,1.0,0.4377623491379021,0.0,0.11759648361287067,0.0
1163,847,131,69,gp,0.767391462878858,1.0,0.3309801046304074,0.0,0.04499452710657103,0.0,,,,,,
1163,847,131,69,sprint,,,,,,,0.9379168443304364,1.0,0.20376578872347165,0.0,0.09935689207688428,0.0
1163,848,3,69,gp,0.3382698480542678,0.0,0.049322011122014606,0.0,0.002045454545454545,0.0,,,,,,
1163,848,3,69,sprint,,,,,,,0.2859724657373369,0.0,0.044440415506279515,0.0,0.009850471088817748,0.0
1163,852,9,69,gp,0.7653424035328478,1.0,0.33159677780544977,0.0,0.06650952561680658,0.0,,,,,,
1163,852,9,69,sprint,,,,,,,0.7143287951119243,1.0,0.23724246828780152,0.0,0.1463994097848428,0.0
1163,857,1,69,gp,0.6173129331375126,1.0,0.293764335417284,0.0,0.08233694901797588,0.0,,,,,,
1163,857,1,69,sprint,,,,,,,0.6847643564256203,1.0,0.38908894039794995,0.0,0.04874155091188836,0.0
1163,859,215,69,gp,0.18326724186758334,0.0,0.017008926334297996,0.0,0.018816492555784787,0.0,,,,,,
1163,859,215,69,sprint,,,,,,,0.15078777139817395,0.0,0.0252009380777678,0.0,0.04856992088952062,0.0
1163,860,210,69,gp,0.16707976401513783,0.0,0.04461109815926741,0.0,0.00994443022428097,0.0,,,,,,
1163,860,210,69,sprint,,,,,,,0.15615864093677154,0.0,0.06370276925387901,0.0,0.08022925067561888,0.0
1163,861,214,69,gp,0.3166280644051266,0.0,0.035963690220500305,0.0,0.0,0.0,,,,,,
1163,861,214,69,sprint,,,,,,,0.1764902904528732,0.0,0.04570581801483239,0.0,0.03417899471615993,0.0
1163,863,131,69,gp,0.7243637692882927,1.0,0.40774711965342014,0.0,0.14160483958086015,0.0,,,,,,
1163,863,131,69,sprint,,,,,,,0.6035516947350452,1.0,0.41205294318572716,0.0,0.28461442830482775,0.0
1163,864,15,69,gp,0.21679442087226253,0.0,0.03185365211419978,0.0,0.02169895136780733,0.0,,,,,,
1163,864,15,69,sprint,,,,,,,0.0673045610361909,0.0,0.007256206738124316,0.0,0.0,0.0
1163,865,215,69,gp,0.1685958928384612,0.0,0.04795798588864789,0.0,0.0017225274725274722,0.0,,,,,,
1163,865,215,69,sprint,,,,,,,0.18005010816688607,0.0,0.02350833569103362,0.0,0.03735882069155682,0.0
1164,1,6,32,gp,0.9138304782519068,1.0,0.6814053686871148,1.0,0.24528240405850216,0.0,,,,,,
1164,4,117,32,gp,0.4491100835205876,1.0,0.25036610575456214,0.0,0.037174601054633896,0.0,,,,,,
1164,807,15,32,gp,0.19728497943314363,0.0,0.07737861425247528,0.0,0.01755079413848887,0.0,,,,,,
1164,830,9,32,gp,0.9467508602508604,1.0,0.7878767074008309,1.0,0.592548855970297,1.0,,,,,,
1164,832,3,32,gp,0.3550040974745503,0.0,0.09362776426111968,0.0,0.08532084843839252,0.0,,,,,,
1164,839,210,32,gp,0.19384714489294927,0.0,0.04284586698927319,0.0,0.016326790763677525,0.0,,,,,,
1164,840,117,32,gp,0.3689710735364966,0.0,0.11551349651551618,0.0,0.014450979428318626,0.0,,,,,,
1164,842,214,32,gp,0.3589787708013813,0.0,0.06305125616559622,0.0,0.008630655576307749,0.0,,,,,,
1164,844,6,32,gp,0.8393636818363707,1.0,0.6517237813122214,1.0,0.191554117478944,0.0,,,,,,
1164,846,1,32,gp,0.6123554015950635,1.0,0.3810513823161357,0.0,0.11564223397350996,0.0,,,,,,
1164,847,131,32,gp,0.71876082764108,1.0,0.3149973848540938,0.0,0.05756763744332652,0.0,,,,,,
1164,848,3,32,gp,0.389557562324125,1.0,0.033304552538158345,0.0,0.002045454545454545,0.0,,,,,,
1164,852,9,32,gp,0.7171334172576853,1.0,0.2571553918609008,0.0,0.11957156152420313,0.0,,,,,,
1164,857,1,32,gp,0.6905058676478402,1.0,0.29876760451526746,0.0,0.06835417917412018,0.0,,,,,,
1164,859,215,32,gp,0.16295072108677677,0.0,0.014162253435077933,0.0,0.01799176728105951,0.0,,,,,,
1164,860,210,32,gp,0.14250857245636384,0.0,0.036117029488059296,0.0,0.010451194800271313,0.0,,,,,,
1164,861,214,32,gp,0.29468516603365674,0.0,0.03312115245893645,0.0,0.0012624584717607975,0.0,,,,,,
1164,863,131,32,gp,0.7365836179503684,1.0,0.3694445225338936,0.0,0.1708157318012746,0.0,,,,,,
1164,864,15,32,gp,0.2029323305816009,0.0,0.036851460437294384,0.0,0.021676214328557403,0.0,,,,,,
1164,865,215,32,gp,0.14395103531503228,0.0,0.012273780292745232,0.0,0.0017225274725274722,0.0,,,,,,
1165,1,6,18,gp,0.9157761080189651,1.0,0.5825245423573192,1.0,0.2503538596588967,0.0,,,,,,
1165,1,6,18,sprint,,,,,,,0.8874147989491796,1.0,0.534467933805492,1.0,0.12241915253176576,0.0
1165,4,117,18,gp,0.46631491451445,1.0,0.24897111617927375,0.0,0.04620597941413471,0.0,,,,,,
1165,4,117,18,sprint,,,,,,,0.310591233353332,0.0,0.12728335595940204,0.0,0.010367562689140889,0.0
1165,807,15,18,gp,0.1867048443488067,0.0,0.07785755668143185,0.0,0.025177062473316435,0.0,,,,,,
1165,807,15,18,sprint,,,,,,,0.2956477450837779,0.0,0.027808384834908,0.0,0.013638899039812295,0.0
1165,830,9,18,gp,0.9399996392496395,1.0,0.7367249540031253,1.0,0.588452558969864,1.0,,,,,,
1165,830,9,18,sprint,,,,,,,0.9107759057084037,1.0,0.6772323869319156,1.0,0.5166304568957049,1.0
1165,832,3,18,gp,0.3218171455375984,0.0,0.11023073892994426,0.0,0.09387641945293924,0.0,,,,,,
1165,832,3,18,sprint,,,,,,,0.35097488847079267,0.0,0.15673307298288994,0.0,0.04875564575686604,0.0
1165,839,210,18,gp,0.21238674021825904,0.0,0.03887106321646842,0.0,0.02532847791155464,0.0,,,,,,
1165,839,210,18,sprint,,,,,,,0.19506391206706777,0.0,0.05108055318178199,0.0,0.011327015526264753,0.0
1165,840,117,18,gp,0.4889565345102376,1.0,0.13293404173081597,0.0,0.01877363787560561,0.0,,,,,,
1165,840,117,18,sprint,,,,,,,0.29402162391807823,0.0,0.05318251109656362,0.0,0.02942968647321516,0.0
1165,842,214,18,gp,0.3951220341115707,0.0,0.06149963655782658,0.0,0.02107922599665768,0.0,,,,,,
1165,842,214,18,sprint,,,,,,,0.1853608855491806,0.0,0.081427153982265,0.0,0.0039598697529489085,0.0
1165,844,6,18,gp,0.7504551411473688,1.0,0.5674782673924327,1.0,0.19078190240108764,0.0,,,,,,
1165,844,6,18,sprint,,,,,,,0.9399273537861383,1.0,0.49317581447075154,1.0,0.19946906364677297,0.0
1165,846,1,18,gp,0.5672542923868115,1.0,0.40445455383640583,0.0,0.11713352758478063,0.0,,,,,,
1165,846,1,18,sprint,,,,,,,0.6191640060054646,1.0,0.4398047527766196,0.0,0.06438969217068931,0.0
1165,847,131,18,gp,0.7586310510218073,1.0,0.35846955993446483,0.0,0.05399631800193679,0.0,,,,,,
1165,847,131,18,sprint,,,,,,,0.9401775537576336,1.0,0.2511808539416538,0.0,0.1297854387568408,0.0
1165,848,3,18,gp,0.4013610648440144,0.0,0.051570127735077,0.0,0.004194966524159071,0.0,,,,,,
1165,848,3,18,sprint,,,,,,,0.30540181872289973,0.0,0.05314891869694607,0.0,0.017624952851737992,0.0
1165,852,9,18,gp,0.7788505071239342,1.0,0.35285129704492957,0.0,0.12275773049948621,0.0,,,,,,
1165,852,9,18,sprint,,,,,,,0.7232858105575912,1.0,0.2526168935463104,0.0,0.13128712655222854,0.0
1165,857,1,18,gp,0.6461350423946622,1.0,0.3158983079919745,0.0,0.08043395344556455,0.0,,,,,,
1165,857,1,18,sprint,,,,,,,0.6790943824318244,1.0,0.3255671548268058,0.0,0.03233937668372772,0.0
1165,859,215,18,gp,0.16292499331314997,0.0,0.019343022444137815,0.0,0.0190774815667738,0.0,,,,,,
1165,859,215,18,sprint,,,,,,,0.1387358613616409,0.0,0.025393026341191102,0.0,0.051144332822968694,0.0
1165,860,210,18,gp,0.1416230144053923,0.0,0.03902880847531613,0.0,0.011864885276461791,0.0,,,,,,
1165,860,210,18,sprint,,,,,,,0.08180383228295217,0.0,0.058978823666167364,0.0,0.07433382883110531,0.0
1165,861,214,18,gp,0.23810957099377605,0.0,0.0361106750179913,0.0,0.00132404181184669,0.0,,,,,,
1165,861,214,18,sprint,,,,,,,0.18823887251198776,0.0,0.05046970511337361,0.0,0.034514275201210046,0.0
1165,863,131,18,gp,0.7052066375544803,1.0,0.3376945703334303,0.0,0.1918670960382632,0.0,,,,,,
1165,863,131,18,sprint,,,,,,,0.6377854009436842,1.0,0.4332494836638561,0.0,0.2916441685130762,0.0
1165,864,15,18,gp,0.1976214668421657,0.0,0.03975916622856915,0.0,0.034381912705187166,0.0,,,,,,
1165,864,15,18,sprint,,,,,,,0.0735737348533567,0.0,0.008290689496745005,0.0,0.003789842915967668,0.0
1165,865,215,18,gp,0.14427768485596756,0.0,0.012011471964768696,0.0,0.0017225274725274722,0.0,,,,,,
1165,865,215,18,sprint,,,,,,,0.09983539583382757,0.0,0.00730936955764542,0.0,0.012646312638376574,0.0
1166,1,6,80,gp,0.8550857098083992,1.0,0.3563439606024565,0.0,0.26344710727301224,0.0,,,,,,
1166,4,117,80,gp,0.4450415656411015,1.0,0.2829879104497486,0.0,0.02060573142088907,0.0,,,,,,
1166,807,15,80,gp,0.1913047684921851,0.0,0.09414823415961192,0.0,0.01665415002737219,0.0,,,,,,
1166,830,9,80,gp,0.9170328124256696,1.0,0.6016301553271084,1.0,0.5894100808797076,1.0,,,,,,
1166,832,3,80,gp,0.36951178423223685,0.0,0.13613238453981333,0.0,0.06628978830831547,0.0,,,,,,
1166,839,210,80,gp,0.23171208947217958,0.0,0.05103583161387188,0.0,0.017584631478778194,0.0,,,,,,
1166,840,117,80,gp,0.4640675266865216,1.0,0.11339413033566277,0.0,0.009275761981670483,0.0,,,,,,
1166,842,214,80,gp,0.4174289810547875,0.0,0.06473592374889324,0.0,0.02038948297915996,0.0,,,,,,
1166,844,6,80,gp,0.8256662519320085,1.0,0.5255860213503397,1.0,0.20585082526113144,0.0,,,,,,
1166,846,1,80,gp,0.6203088221302507,1.0,0.3597111361949632,0.0,0.13725447476695068,0.0,,,,,,
1166,847,131,80,gp,0.8152035915764908,1.0,0.23914826262639272,0.0,0.04680596975040834,0.0,,,,,,
1166,848,3,80,gp,0.37958362799514883,0.0,0.05326863874634184,0.0,0.0030148423005565863,0.0,,,,,,
1166,852,9,80,gp,0.7772076499810766,1.0,0.3736945876934241,1.0,0.08052079523682308,0.0,,,,,,
1166,857,1,80,gp,0.6509100837631908,1.0,0.32220290771565335,0.0,0.0723394115850069,0.0,,,,,,
1166,859,215,80,gp,0.1686492244974651,0.0,0.01217394934151068,0.0,0.017619354390173717,0.0,,,,,,
1166,860,210,80,gp,0.18285448682014635,0.0,0.04004035037682722,0.0,0.01573564600330754,0.0,,,,,,
1166,861,214,80,gp,0.28475279879771787,0.0,0.03523218614198523,0.0,0.002681184668989547,0.0,,,,,,
1166,863,131,80,gp,0.7000044537672124,1.0,0.34438913420063644,0.0,0.11197497835736568,0.0,,,,,,
1166,864,15,80,gp,0.23548817319836787,0.0,0.048049246317526724,0.0,0.03429163712710671,0.0,,,,,,
1166,865,215,80,gp,0.13767949931135345,0.0,0.011992198950413608,0.0,0.0017225274725274722,0.0,,,,,,
1167,1,6,78,gp,0.782734029742433,1.0,0.35938768795447545,0.0,0.2429196625267312,0.0,,,,,,
1167,1,6,78,sprint,,,,,,,0.8699532377637416,1.0,0.3573898709894841,0.0,0.12211297951598679,0.0
1167,4,117,78,gp,0.4675734199544129,1.0,0.25151769945158164,0.0,0.023987002671144033,0.0,,,,,,
1167,4,117,78,sprint,,,,,,,0.3200415766374122,0.0,0.12396148536218017,0.0,0.03484668842867106,0.0
1167,807,15,78,gp,0.3054944650922088,0.0,0.11682524774119324,0.0,0.01758755085928729,0.0,,,,,,
1167,807,15,78,sprint,,,,,,,0.2673332974405015,0.0,0.025006790340107433,0.0,0.017213001993589504,0.0
1167,830,9,78,gp,0.8761046650717708,1.0,0.7014438654398961,1.0,0.5849399684684049,1.0,,,,,,
1167,830,9,78,sprint,,,,,,,0.8655620258375677,1.0,0.6738110907276124,1.0,0.4786736819712056,1.0
1167,832,3,78,gp,0.33261308769068343,0.0,0.10062917717784663,0.0,0.0394869974047132,0.0,,,,,,
1167,832,3,78,sprint,,,,,,,0.4749845152797282,0.0,0.14207582721795373,0.0,0.04834881404722899,0.0
1167,839,210,78,gp,0.22407548620493714,0.0,0.04861656078904678,0.0,0.012464907674762242,0.0,,,,,,
1167,839,210,78,sprint,,,,,,,0.1861233303664157,0.0,0.05053650237072178,0.0,0.01799449706452875,0.0
1167,840,117,78,gp,0.4783600592988794,1.0,0.11928990063236158,0.0,0.01533619281548974,0.0,,,,,,
1167,840,117,78,sprint,,,,,,,0.2754138750061891,0.0,0.0641871474840954,0.0,0.03280277529640852,0.0
1167,842,214,78,gp,0.38248035532796587,0.0,0.05971417241090294,0.0,0.005824813390458437,0.0,,,,,,
1167,842,214,78,sprint,,,,,,,0.21093993104924555,0.0,0.06765283165162149,0.0,0.00638439137641174,0.0
1167,844,6,78,gp,0.7414945088758123,1.0,0.5399328675628049,1.0,0.19016426745897508,0.0,,,,,,
1167,844,6,78,sprint,,,,,,,0.9274026666990666,1.0,0.6560285635727777,1.0,0.23113340241899064,0.0
1167,846,1,78,gp,0.6147735423945065,1.0,0.3450592706761204,0.0,0.08417647143042187,0.0,,,,,,
1167,846,1,78,sprint,,,,,,,0.692274877261179,1.0,0.37652296999836105,0.0,0.055944915127711256,0.0
1167,847,131,78,gp,0.6965761730099972,1.0,0.23540756999140613,0.0,0.04884144864063188,0.0,,,,,,
1167,847,131,78,sprint,,,,,,,0.925961072055418,1.0,0.20163695820239785,0.0,0.11751228703670764,0.0
1167,848,3,78,gp,0.35679663919030286,0.0,0.05295742893230856,0.0,0.005410946196660483,0.0,,,,,,
1167,848,3,78,sprint,,,,,,,0.26837654628695606,0.0,0.04852164526632913,0.0,0.0210850245119288,0.0
1167,852,9,78,gp,0.7835032515550399,1.0,0.35092068214755034,0.0,0.09457885410508418,0.0,,,,,,
1167,852,9,78,sprint,,,,,,,0.6635857884516049,1.0,0.2588317910815872,0.0,0.17710407381411733,0.0
1167,857,1,78,gp,0.6693103161172047,1.0,0.3711946119795799,1.0,0.06260262503094197,0.0,,,,,,
1167,857,1,78,sprint,,,,,,,0.6648913581206788,1.0,0.40556500969633874,0.0,0.13621912768133865,0.0
1167,859,215,78,gp,0.23443436924689548,0.0,0.011884018123025778,0.0,0.01891483055048685,0.0,,,,,,
1167,859,215,78,sprint,,,,,,,0.10750231981792094,0.0,0.03011865457631563,0.0,0.061069246480561015,0.0
1167,860,210,78,gp,0.1799785981244982,0.0,0.029934899480199027,0.0,0.009603881553375156,0.0,,,,,,
1167,860,210,78,sprint,,,,,,,0.16737469811368827,0.0,0.06352583422814977,0.0,0.09264942403904437,0.0
1167,861,214,78,gp,0.2482519187254093,0.0,0.03924902459883849,0.0,0.0,0.0,,,,,,
1167,861,214,78,sprint,,,,,,,0.18673151260188686,0.0,0.05561240604383839,0.0,0.04491778598422837,0.0
1167,863,131,78,gp,0.6923499297198316,1.0,0.34622174588491683,0.0,0.11486836064451857,0.0,,,,,,
1167,863,131,78,sprint,,,,,,,0.6279923020988579,1.0,0.4231306820221817,1.0,0.28880385691233257,0.0
1167,864,15,78,gp,0.23660745109600706,0.0,0.032102183480933036,0.0,0.01933423275308872,0.0,,,,,,
1167,864,15,78,sprint,,,,,,,0.08254588749375728,0.0,0.01056341676947228,0.0,0.007376235522212703,0.0
1167,865,215,78,gp,0.16716300628057457,0.0,0.012194228124542269,0.0,0.0017225274725274722,0.0,,,,,,
1167,865,215,78,sprint,,,,,,,0.12490300503427325,0.0,0.010173988946785065,0.0,0.014897553314595325,0.0
1168,1,6,24,gp,0.8781552566481142,1.0,0.4976179428765082,1.0,0.2607261501190442,0.0,,,,,,
1168,4,117,24,gp,0.45360066725377446,1.0,0.2559793997205348,0.0,0.03938723817081892,0.0,,,,,,
1168,807,15,24,gp,0.20232401418580062,0.0,0.0802458505905809,0.0,0.013541965514332371,0.0,,,,,,
1168,830,9,24,gp,0.9309061890490465,1.0,0.7120032183613156,1.0,0.5925466456054562,1.0,,,,,,
1168,832,3,24,gp,0.3223641620131861,0.0,0.09944254047944162,0.0,0.09278418707201311,0.0,,,,,,
1168,839,210,24,gp,0.18657651472946196,0.0,0.04414054322040741,0.0,0.017883861282031704,0.0,,,,,,
1168,840,117,24,gp,0.47983133430747194,1.0,0.13417833872892074,0.0,0.032982387452399654,0.0,,,,,,
1168,842,214,24,gp,0.37723939787272287,0.0,0.0574347363820896,0.0,0.023116230683966316,0.0,,,,,,
1168,844,6,24,gp,0.8558332990538873,1.0,0.6431517005632924,1.0,0.20725942379156354,0.0,,,,,,
1168,846,1,24,gp,0.5984717594435638,1.0,0.372715270857774,0.0,0.15633206886961123,0.0,,,,,,
1168,847,131,24,gp,0.758194773247294,1.0,0.3961520790376893,0.0,0.06327966970772365,0.0,,,,,,
1168,848,3,24,gp,0.34837587298172146,0.0,0.0518155123055889,0.0,0.00322557876905703,0.0,,,,,,
1168,852,9,24,gp,0.7857034557625979,1.0,0.3140767896916892,0.0,0.08887152146184166,0.0,,,,,,
1168,857,1,24,gp,0.6824738761799244,1.0,0.2982143716833025,0.0,0.07117935089738653,0.0,,,,,,
1168,859,215,24,gp,0.20175316910561125,0.0,0.01746537663810715,0.0,0.01791674453642021,0.0,,,,,,
1168,860,210,24,gp,0.13509749626446002,0.0,0.042149349743575884,0.0,0.008175310124803728,0.0,,,,,,
1168,861,214,24,gp,0.2486798162247354,0.0,0.04267330643910625,0.0,0.00132404181184669,0.0,,,,,,
1168,863,131,24,gp,0.7211618212596642,1.0,0.3520281318704264,0.0,0.12313728354993489,0.0,,,,,,
1168,864,15,24,gp,0.22070480215764385,0.0,0.03256473659140237,0.0,0.023330936850188493,0.0,,,,,,
1168,865,215,24,gp,0.1664796182400438,0.0,0.014495994119637671,0.0,0.0017225274725274722,0.0,,,,,,
